Purchase Date,Category,Sales Amount,STOCK Quantity,Profit,REGION
5/26/2023,Home Goods,955.6659044,13,214.7756388,South
5/26/2023,Sports,1186.662143,11,378.7219275,South
5/26/2023,Books,658.3500647,1,223.0965207,East
5/27/2023,Electronics,533.8723702,8,157.7549761,South
5/27/2023,Clothing,1245.366897,3,242.4582435,West
01/01/2023,Electronics,1149.014246,11,383.6642446,North
01/01/2023,Clothing,958.5207096,7,224.054049,East
01/01/2023,Home Goods,1473.763845,2,466.5930904,South
01/01/2023,Sports,1230.230419,6,123.3104603,West
01/01/2023,NaN?,828.5859503,12,88.59135544,East
01/02/2023,Electronics,722.7751487,10,82.39614937,West
01/02/2023,Clothing,788.9968595,15,225.2710717,West
01/02/2023,Home Goods,358.1138032,3,128.1983392,East
01/02/2023,Sports,819.923845,2,250.2980767,East
01/02/2023,Books,1284.231946,7,363.4363532,West
01/03/2023,,1246.763474,2,283.6969918,South
01/03/2023,Clothing,633.746905,10,171.3081882,North
01/03/2023,Home Goods,1221.539974,8,331.2000327,West
01/03/2023,Sports,0,NaN,371.5265713,NaN
01/03/2023,Books,1232.110125,13,175.3012618,East
01/04/2023,,839,13,102.6102506,East
01/04/2023,Clothing,437.2969683,8,44.45413836,East
01/04/2023,Home Goods,589.9653583,19,184.1029397,East
01/04/2023,,1142.812776,10,237.1790419,North
01/04/2023,Books,1391.098381,7,493.8560247,West
01/05/2023,Electronics,856,5,273.0418628,West
01/05/2023,Clothing,944.302307,3,228.2043237,North
01/05/2023,Home Goods,719.8711477,14,178.6278756,North
01/05/2023,Sports,1235.262456,15,281.9638562,South
01/05/2023,Books,585.7848927,7,142.1178978,North
01/06/2023,Electronics,916,4,340.9092196,East
01/06/2023,Clothing,1261.811529,4,483.0922047,East
01/06/2023,Home Goods,1686.167795,19,250.1706222,NaN
01/06/2023,Sports,559.9096344,6,132.6763948,West
01/06/2023,Books,1267.788841,12,285.1928834,South
01/07/2023,Electronics,1411.55864,7,525.1683205,North
01/07/2023,Clothing,1052.665988,13,377.0851418,East
01/07/2023,Home Goods,1038.103672,5,319.4564837,South
01/07/2023,Sports,625,NaN,108.3024459,East
01/07/2023,Books,1064.481649,9,235.4110229,South
01/08/2023,Electronics,393.30552,17,69.29045218,West
01/08/2023,Clothing,994.4347586,17,143.622313,West
01/08/2023,Home Goods,497.9486134,17,89.64783218,South
01/08/2023,Sports,802.2453093,5,163.274068,North
01/08/2023,Books,1001.181191,19,304.5709676,North
01/09/2023,Electronics,1101.946289,0,136.9234358,West
01/09/2023,Clothing,997.785955,17,317.759809,West
01/09/2023,Null,1106.847949,11,381.7845783,West
01/09/2023,Sports,993.4357377,NaN,144.2620321,East
01/09/2023,Books,1511.981486,19,473.7716267,East
01/10/2023,Electronics,NaN,19,258.2206611,East
01/10/2023,Clothing,1160.90081,7,442.3252617,North
01/10/2023,Home Goods,725.5927206,11,146.8018505,North
01/10/2023,Sports,1061.69504,NaN,188.3261081,West
01/10/2023,Books,566.9549945,16,195.6939619,North
01/11/2023,Electronics,486.8411264,1,62.28198955,West
01/11/2023,Clothing,1035.693548,5,383.3365063,East
01/11/2023,Home Goods,819.5808263,19,260.4518892,East
01/11/2023,Sports,746.0156929,1,218.2912743,East
01/11/2023,Books,1256.199336,16,163.860479,East
01/12/2023,Electronics,1536.578157,18,227.7860575,South
01/12/2023,Clothing,136.162932,9,20.80264266,West
01/12/2023,Home Goods,759.0467005,1,188.3711885,West
01/12/2023,Sports,1230.993208,7,389.3409658,West
01/12/2023,Books,0,1,362.7474658,East
1/13/2023,Electronics,589,14,163.1408925,South
1/13/2023,Clothing,768.4657752,13,189.0599833,West
1/13/2023,Home Goods,1362.814591,1,372.1453686,West
1/13/2023,Sports,1161.388001,1,184.1646591,North
1/13/2023,Books,1835.181414,17,207.5243908,West
1/14/2023,Electronics,990.6439605,14,370.9558609,East
1/14/2023,Clothing,1181.838809,3,465.7620543,West
1/14/2023,Home Goods,416.7311219,1,81.29449101,West
1/14/2023,Sports,597.5789506,3,161.9548618,West
1/14/2023,Books,513,18,146.0894774,South
1/15/2023,Electronics,608.2907338,10,220.9384463,North
1/15/2023,Clothing,774.7714471,8,239.485513,East
1/15/2023,Home Goods,1135,10,389.064235,East
1/15/2023,Sports,1533.677303,NaN,552.3104709,North
1/15/2023,Books,645.0203136,8,200.3368999,West
1/16/2023,Electronics,1148.498696,14,421.500862,East
1/16/2023,Clothing,1020.505375,19,244.5941216,East
1/16/2023,Home Goods,877.1773508,17,97.54603066,South
1/16/2023,Sports,1106.325876,5,283.9639571,North
1/16/2023,Books,435.9062235,12,169.8184064,East
1/17/2023,Electronics,1716.710787,8,545.6177263,Nan
1/17/2023,Clothing,1553,18,395.8504821,South
1/17/2023,Home Goods,967.8416575,19,224.240614,East
1/17/2023,Sports,854.1348143,5,132.647224,South
1/17/2023,Books,1151.496184,1,175.0139428,North
1/18/2023,Electronics,1259.726558,15,220.5439433,South
1/18/2023,Clothing,1055.156654,7,313.5222827,North
1/18/2023,Home Goods,1173.369141,3,204.5408835,
1/18/2023,Sports,795.9986998,15,89.32589208,South
1/18/2023,Books,920.9782465,5,223.1089592,South
1/19/2023,,1209.727715,4,183.8309021,South
1/19/2023,Clothing,1179.96899,5,259.0638677,South
1/19/2023,Home Goods,1000.544083,5,305.3551791,West
1/19/2023,Sports,1226.780585,16,359.1103077,North
1/19/2023,Books,1103.220439,12,238.7931429,West
1/20/2023,Electronics,1277.869763,1,303.46323,East
1/20/2023,Clothing,1133.886804,1,440.3530695,South
1/20/2023,Home Goods,1340.872695,11,212.8465655,North
1/20/2023,Sports,836.4887154,19,238.7975908,East
1/20/2023,Books,619.7853095,17,183.9007079,North
1/21/2023,Nan,823.1905729,4,253.4333007,South
1/21/2023,Clothing,1254.880629,13,478.1025495,West
1/21/2023,Home Goods,0,4,190.5987762,North
1/21/2023,Sports,1188.888653,3,472.1689624,West
1/21/2023,Books,890,5,152.6489404,East
1/22/2023,Electronics,835.6829551,13,269.0670373,East
1/22/2023,Clothing,1391.643642,13,513.0391264,North
1/22/2023,Home Goods,1006.301152,4,103.9018976,North
1/22/2023,Sports,876.6128228,14,265.6408352,West
1/22/2023,Books,1295.207063,19,321.0918006,West
1/23/2023,Electronics,462.38647,4,177.4909134,West
1/23/2023,Clothing,865.9679465,7,110.2912632,South
1/23/2023,Home Goods,1544.099973,15,220.648033,South
1/23/2023,Sports,1121.374869,12,403.762921,NaN
1/23/2023,Books,1073.489971,10,235.0894522,East
1/24/2023,Electronics,847.9170474,2,105.4848101,North
1/24/2023,Clothing,1133.65207,13,239.4189783,West
1/24/2023,Home Goods,561.4730032,17,215.7036514,North
1/24/2023,Sports,477.0144258,19,158.9145296,South
1/24/2023,Books,1320.843386,7,300.183589,South
1/25/2023,Electronics,782.6998614,13,80.935935,West
1/25/2023,Clothing,437.2664084,8,59.14372479,North
1/25/2023,Home Goods,1252.051348,17,156.3403921,North
1/25/2023,Sports,1340.002608,6,309.4076064,South
1/25/2023,Books,1067.227745,5,187.7222124,East
1/26/2023,Electronics,1003.77772,18,150.4307762,North
1/26/2023,Clothing,870.4173395,3,322.3568013,North
1/26/2023,Home Goods,1557.990102,11,287.1203707,West
1/26/2023,Sports,957,8,144.4173673,West
1/26/2023,Books,0,8,168.8872778,South
1/27/2023,Electronics,760.5294346,4,301.0656334,South
1/27/2023,Clothing,598.6465529,17,110.108493,North
1/27/2023,Home Goods,1171.404253,13,437.2596188,North
1/27/2023,Sports,0,6,497.0179982,West
1/27/2023,Books,1234.082549,10,468.7274383,South
1/28/2023,Electronics,1045.323989,13,156.2239611,West
1/28/2023,Clothing,1353.832036,15,196.4749654,North
1/28/2023,Home Goods,859.2473044,17,302.0242343,South
1/28/2023,Sports,0,5,439.9822248,
1/28/2023,Books,1573.458882,5,500.1022756,South
1/29/2023,Electronics,865,14,139.7060904,North
1/29/2023,Clothing,1186.85498,19,216.5055384,West
1/29/2023,Home Goods,1213.484463,2,251.7359145,West
1/29/2023,Sports,662.6073724,7,199.7575424,South
1/29/2023,Books,1382.638975,18,491.7417042,South
1/30/2023,Electronics,972.5301818,12,260.9117504,South
1/30/2023,Clothing,1124.11384,15,254.2304107,North
1/30/2023,Home Goods,1402.626551,14,436.5309482,East
1/30/2023,Sports,1070.039739,2,219.5467599,South
1/30/2023,Books,1240.795677,18,270.0879823,East
1/31/2023,Electronics,1075.358492,6,253.0029627,East
1/31/2023,Clothing,863.8610005,10,309.8748129,North
1/31/2023,Home Goods,941.5989214,17,233.1727434,West
1/31/2023,Sports,,5,561.8192807,North
1/31/2023,Books,655.5835282,11,112.7890064,East
02/01/2023,Electronics,819.3231391,15,113.6105554,East
02/01/2023,Clothing,470.7619302,16,137.5860226,West
02/01/2023,Home Goods,1449.966603,4,295.3584652,East
02/01/2023,Sports,1013.1108,18,284.2592552,East
02/01/2023,Books,1322.104604,19,458.1584156,South
02/02/2023,Electronics,755.350278,6,102.8717294,North
02/02/2023,Clothing,832.292352,12,134.7482279,South
02/02/2023,Home Goods,887.6016015,9,113.3353418,East
02/02/2023,Sports,754.3969044,15,191.2374306,East
02/02/2023,Books,1255.406279,17,350.4886244,West
02/03/2023,Electronics,813.8908832,15,212.4069588,West
02/03/2023,Clothing,1712.242523,14,408.8157351,North
02/03/2023,Home Goods,906.7827206,14,130.8684488,East
02/03/2023,Sports,1172.967089,14,381.0792597,West
02/03/2023,Books,1093.375046,13,393.7948707,South
02/04/2023,Electronics,518.0661039,5,80.13714001,East
02/04/2023,Clothing,1061.039091,17,173.4102894,South
02/04/2023,Home Goods,531.8482257,13,147.8951505,West
02/04/2023,Sports,1062.006839,10,357.6322596,North
02/04/2023,Books,1771.997486,2,473.6951164,West
02/05/2023,Electronics,812.7949813,17,218.9162193,South
02/05/2023,Clothing,737.314524,2,127.7809916,East
02/05/2023,Home Goods,585.1600807,13,116.5080313,North
02/05/2023,Sports,891.5731482,6,186.8800138,West
02/05/2023,Books,928.4519898,4,329.8281642,South
02/06/2023,Electronics,751.4248687,9,93.22937641,East
02/06/2023,Clothing,0,8,258.5367897,West
02/06/2023,Home Goods,928.3155859,11,333.870685,South
02/06/2023,Sports,727.7309014,17,179.9130056,South
02/06/2023,Books,1158.494983,15,301.8007092,South
02/07/2023,Electronics,1062.251046,19,373.4606645,North
02/07/2023,Clothing,830.632899,19,132.7783951,West
02/07/2023,Home Goods,0,17,181.1074039,North
02/07/2023,Sports,542.71284,5,136.6720187,East
02/07/2023,Books,1239.320894,4,243.1456599,East
02/08/2023,Electronics,955.4345785,10,252.7897745,South
02/08/2023,Clothing,877.7619587,12,140.8975936,West
02/08/2023,Home Goods,819.4093963,5,82.60734057,North
02/08/2023,Sports,1228.075328,11,297.1326542,South
02/08/2023,Books,468.9270435,17,166.5714381,West
02/09/2023,Electronics,690.2112793,12,153.610308,North
02/09/2023,Clothing,1050.918785,12,224.6534117,North
02/09/2023,Home Goods,1026.818176,8,324.9663537,West
02/09/2023,Sports,964.0447242,9,313.4596987,West
02/09/2023,Books,1034.118838,3,154.3729906,North
02/10/2023,Electronics,1196.019921,4,233.0552156,South
02/10/2023,Clothing,612.6626833,18,211.3562695,East
02/10/2023,Home Goods,1165.759946,6,305.352537,East
02/10/2023,Sports,1088.665135,15,297.4732643,North
02/10/2023,Books,928.2464002,14,111.3763254,West
02/11/2023,Electronics,1246.931493,19,327.7619196,South
02/11/2023,Clothing,1049.558314,8,323.3849561,West
02/11/2023,Home Goods,1170.681002,15,425.6464243,North
02/11/2023,Sports,1289.776602,4,515.017838,North
02/11/2023,Books,1024.616461,1,319.7767917,East
02/12/2023,Electronics,1452.931394,10,294.399533,South
02/12/2023,Clothing,1120.610344,13,149.253555,West
02/12/2023,Home Goods,1677.159484,15,568.8733938,North
02/12/2023,Sports,719.9085672,15,160.3139574,North
02/12/2023,Books,1260.881776,19,339.9999284,South
2/13/2023,Electronics,1406.691358,11,393.4639649,West
2/13/2023,Clothing,466.3839253,15,86.92411596,East
2/13/2023,Home Goods,1448.813293,12,541.2124968,West
2/13/2023,Sports,1733.725594,15,551.0277097,East
2/13/2023,Books,1038.766355,12,135.7291584,West
2/14/2023,Electronics,1144.30277,8,338.038668,North
2/14/2023,Clothing,1067.165207,9,242.5017695,North
2/14/2023,Home Goods,811.7743347,4,111.536823,North
2/14/2023,Sports,851.3832271,1,307.3228743,East
2/14/2023,Books,1161.329788,15,135.2118755,North
2/15/2023,Electronics,592.3865456,10,201.9185289,North
2/15/2023,Clothing,0,11,273.4050025,East
2/15/2023,Home Goods,1073.831105,18,262.2844215,East
2/15/2023,Sports,549.1704947,12,205.2935717,South
2/15/2023,Books,921.7794505,7,137.9479775,North
2/16/2023,Electronics,0,11,269.6102014,West
2/16/2023,Clothing,1208.861909,18,361.5237073,East
2/16/2023,Home Goods,988.8892259,8,247.8734931,North
2/16/2023,Sports,1128.834474,13,247.4353631,East
2/16/2023,Books,0,17,117.5590371,South
2/17/2023,Electronics,956.6918764,16,257.7828647,South
2/17/2023,Clothing,1311.997732,18,337.5994264,West
2/17/2023,Home Goods,699.8139158,17,154.1192617,South
2/17/2023,Sports,893.040373,8,320.186843,East
2/17/2023,Books,1071.488879,3,227.1479221,South
2/18/2023,Electronics,1019.089972,1,109.6702914,West
2/18/2023,Clothing,1285.454219,18,462.8896579,West
2/18/2023,Home Goods,1216.501619,8,159.6446395,East
2/18/2023,Sports,661.2844686,5,101.5490905,North
2/18/2023,Books,1514.997333,3,262.0212995,South
2/19/2023,Electronics,1132.290455,14,395.2440538,West
2/19/2023,Clothing,492.0201476,18,51.12117726,East
2/19/2023,Home Goods,729.8401344,1,118.5011332,East
2/19/2023,Sports,1410.211076,1,486.8514972,West
2/19/2023,Books,1287.476148,11,228.9480596,South
2/20/2023,Electronics,901.2007005,5,183.4462909,West
2/20/2023,Clothing,970.9521888,9,224.1326213,West
2/20/2023,Home Goods,893.4903017,14,215.6167542,West
2/20/2023,Sports,1077.24197,17,264.3912781,North
2/20/2023,Books,1092.340531,13,241.1505715,North
2/21/2023,Electronics,486.9494822,11,110.299502,South
2/21/2023,Clothing,613.4657861,5,64.73119386,South
2/21/2023,Home Goods,1030.245227,10,281.2105268,South
2/21/2023,Sports,955.3910728,6,333.3574809,East
2/21/2023,Books,796.227425,10,113.0687226,East
2/22/2023,Electronics,1486.160034,7,404.218161,North
2/22/2023,Clothing,1471.148391,14,167.843011,West
2/22/2023,Home Goods,1044.162349,11,194.849174,West
2/22/2023,Sports,933.2375583,4,294.6359493,East
2/22/2023,Books,1162.300562,15,448.9107909,South
2/23/2023,Electronics,1039.880856,5,254.9023364,South
2/23/2023,Clothing,827.3086521,13,121.1193453,North
2/23/2023,Home Goods,1036.602944,2,136.8103134,North
2/23/2023,Sports,686.2261993,11,191.7904903,North
2/23/2023,Books,465.832995,7,57.1949859,South
2/24/2023,Electronics,1189.722322,6,329.635412,East
2/24/2023,Clothing,1291.766335,5,164.6674252,East
2/24/2023,Home Goods,1065.252372,12,279.703618,West
2/24/2023,Sports,1583.761385,19,506.2769887,North
2/24/2023,Books,1241.440954,16,440.4119732,North
2/25/2023,Electronics,1279.076004,18,315.7111184,East
2/25/2023,Clothing,915.0054053,15,103.6240248,West
2/25/2023,Home Goods,0,7,414.4454203,South
2/25/2023,Sports,1245.54542,14,169.5894459,East
2/25/2023,Books,1040.154296,9,164.1152415,West
2/26/2023,Electronics,1338.720831,7,316.6651828,East
2/26/2023,Clothing,0,10,286.2866674,South
2/26/2023,Home Goods,578.4520233,13,71.19932288,North
2/26/2023,Sports,0,11,232.3194715,East
2/26/2023,Books,1433.251924,17,374.8246839,South
2/27/2023,Electronics,428.6463784,13,123.3504594,West
2/27/2023,Clothing,0,2,139.8426763,South
2/27/2023,Home Goods,941.1216402,2,100.1172949,East
2/27/2023,Sports,868.7002991,3,105.1204778,South
2/27/2023,Books,644.0994714,17,142.0749938,North
2/28/2023,Electronics,1779.311393,12,703.2284178,South
2/28/2023,Clothing,804.8887168,7,206.6598122,North
2/28/2023,Home Goods,873.9439549,14,165.263556,South
2/28/2023,Sports,915.4646173,4,288.0655843,North
2/28/2023,Books,989.5945338,17,215.2259673,West
03/01/2023,Electronics,1070.26442,12,414.1117495,North
03/01/2023,Clothing,1295.29672,14,362.993349,South
03/01/2023,Home Goods,935.8033467,13,371.2850994,East
03/01/2023,Sports,1049.935662,19,266.4805517,South
03/01/2023,Books,1147.735379,11,175.5557782,South
03/02/2023,Electronics,1140.569048,15,188.0766503,North
03/02/2023,Clothing,1152.456933,3,321.7454871,North
03/02/2023,Home Goods,887.9802195,18,219.6471484,North
03/02/2023,Sports,647.9289379,3,223.3734608,South
03/02/2023,Books,1413.482436,9,520.8349652,North
03/03/2023,Electronics,1205.075724,2,285.8796672,West
03/03/2023,Clothing,816.1633929,9,92.48192177,South
03/03/2023,Home Goods,883.689532,12,97.75966605,East
03/03/2023,Sports,1197.563282,2,266.5008993,East
03/03/2023,Books,1603.061362,6,285.2265124,North
03/04/2023,Electronics,1013.677649,5,168.3262021,North
03/04/2023,Clothing,810.702361,5,322.2076546,South
03/04/2023,Home Goods,0,19,0,West
03/04/2023,Sports,738.9330274,8,224.1958612,East
03/04/2023,Books,1122.824025,19,404.7199451,West
03/05/2023,Electronics,1191.391981,1,175.3755182,West
03/05/2023,Clothing,1246.144654,10,164.1798425,East
03/05/2023,Home Goods,1152.182209,6,180.6235285,North
03/05/2023,Sports,888.9029894,7,131.7602846,West
03/05/2023,Books,749.9323038,2,262.2065207,North
03/06/2023,Electronics,765.3712944,13,218.1905757,North
03/06/2023,Clothing,815.4945966,9,236.1216149,East
03/06/2023,Home Goods,933.6408005,19,306.5220901,South
03/06/2023,Sports,1056.916265,9,411.0322001,East
03/06/2023,Books,644.3739986,5,84.25378086,West
03/07/2023,Electronics,880.3322523,4,105.9489705,East
03/07/2023,Clothing,1147.125872,17,315.0594261,North
03/07/2023,Home Goods,818.8659283,18,295.9881316,West
03/07/2023,Sports,824.0355734,3,229.3445572,West
03/07/2023,Books,1573.241377,7,188.2978675,North
03/08/2023,Electronics,960.6884779,19,168.8435217,East
03/08/2023,Clothing,389.4279278,2,70.91015247,North
03/08/2023,Home Goods,1026.685682,11,170.6668683,South
03/08/2023,Sports,1349.774115,15,410.5335143,South
03/08/2023,Books,1129.252073,5,329.2422324,South
03/09/2023,Electronics,1072.992299,19,195.5684701,East
03/09/2023,Clothing,665.0242587,6,112.3800433,North
03/09/2023,Home Goods,648.5970971,3,70.91775244,North
03/09/2023,Sports,1150.726639,12,278.4332375,West
03/09/2023,Books,1516.249089,14,244.283459,North
03/10/2023,Electronics,1212.314662,14,314.1183886,East
03/10/2023,Clothing,1216.762024,3,412.5302038,West
03/10/2023,Home Goods,1374.76053,14,384.2430655,South
03/10/2023,Sports,1147.42137,12,199.9519275,North
03/10/2023,Books,987.9526148,2,335.1804412,East
03/11/2023,Electronics,570.7674694,13,82.6894764,North
03/11/2023,Clothing,948.0895364,14,372.0397728,South
03/11/2023,Home Goods,793.552093,11,244.8065084,North
03/11/2023,Sports,1281.954431,9,221.2826473,North
03/11/2023,Books,1253.804063,14,178.9788536,West
03/12/2023,Electronics,558.2474866,1,149.5514899,West
03/12/2023,Clothing,973.091312,18,192.61213,South
03/12/2023,Home Goods,0,1,453.9719368,South
03/12/2023,Sports,1027.475722,7,143.6562367,East
03/12/2023,Books,1189.63483,15,190.3951936,East
3/13/2023,Electronics,706.3700056,12,92.79607635,East
3/13/2023,Clothing,0,9,472.3635459,West
3/13/2023,Home Goods,1414.9435,8,444.612149,South
3/13/2023,Sports,1155.420083,7,344.5994591,West
3/13/2023,Books,1392.395991,4,388.8164979,South
3/14/2023,Electronics,1622.578262,9,242.088424,South
3/14/2023,Clothing,793.2436546,11,251.8135862,West
3/14/2023,Home Goods,804.5745989,13,229.080577,East
3/14/2023,Sports,0,14,171.8804434,West
3/14/2023,Books,944.1830485,19,140.2128475,South
3/15/2023,Electronics,1312.829553,18,388.5698545,North
3/15/2023,Clothing,661.6518338,3,109.9455852,South
3/15/2023,Home Goods,0,15,207.3196046,West
3/15/2023,Sports,1339.375837,5,272.9386748,West
3/15/2023,Books,917.5757514,18,330.4276981,West
3/16/2023,Electronics,877.1634265,2,215.7828015,South
3/16/2023,Clothing,1022.984832,15,378.7197866,South
3/16/2023,Home Goods,733.5367734,3,210.4443466,West
3/16/2023,Sports,591.0881024,15,100.9209807,South
3/16/2023,Books,1148.209056,10,196.6457246,South
3/17/2023,Electronics,1078.20213,2,166.3591337,North
3/17/2023,Clothing,967.8022013,15,268.9285399,East
3/17/2023,Home Goods,779.2144242,2,100.1901847,North
3/17/2023,Sports,1112.284017,2,397.5257207,North
3/17/2023,Books,973.9465669,1,323.3911053,West
3/18/2023,Electronics,578.1146114,11,211.0771028,South
3/18/2023,Clothing,834.2116015,14,166.2306838,North
3/18/2023,Home Goods,1298.880046,1,305.0161967,West
3/18/2023,Sports,851.8730251,11,327.6090741,North
3/18/2023,Books,895.4043597,11,287.3537084,North
3/19/2023,Electronics,895.2226887,12,216.9923675,North
3/19/2023,Clothing,859.6861684,15,309.9008599,West
3/19/2023,Home Goods,1537.343136,18,608.8000178,North
3/19/2023,Sports,1218.288863,1,166.4584308,South
3/19/2023,Books,1015.583766,5,386.0868687,North
3/20/2023,Electronics,1057.281325,12,152.7802814,North
3/20/2023,Clothing,731.6310303,18,284.9963389,East
3/20/2023,Home Goods,1020.326072,15,261.7330379,East
3/20/2023,Sports,1120.034342,12,290.8432341,East
3/20/2023,Books,718.4596269,8,280.8987567,North
3/21/2023,Electronics,1193.280448,8,175.2322236,South
3/21/2023,Clothing,942.7952798,2,281.414685,East
3/21/2023,Home Goods,1065.229862,11,324.8678471,South
3/21/2023,Sports,1200.540439,15,325.5660666,West
3/21/2023,Books,844.9309411,8,286.1384922,West
3/22/2023,Electronics,677.0018475,16,235.6316203,West
3/22/2023,Clothing,0,5,327.9293785,South
3/22/2023,Home Goods,1301.542772,9,165.4840161,East
3/22/2023,Sports,924.285987,9,122.6831498,South
3/22/2023,Books,494.5643816,6,114.4677688,South
3/23/2023,Electronics,719.8833242,18,261.5820942,East
3/23/2023,Clothing,1386.926959,7,141.0887483,East
3/23/2023,Home Goods,0,1,193.4750911,East
3/23/2023,Sports,394.1333353,1,67.50055171,North
3/23/2023,Books,1321.420273,3,222.2376352,South
3/24/2023,Electronics,0,14,183.9294576,South
3/24/2023,Clothing,1093.623826,9,233.9652159,South
3/24/2023,Home Goods,510.7979898,4,144.2348088,West
3/24/2023,Sports,1051.291291,6,340.68431,West
3/24/2023,Books,1227.678577,4,464.1979929,East
3/25/2023,Electronics,0,4,412.4145365,South
3/25/2023,Clothing,859.9555163,4,152.2404794,West
3/25/2023,Home Goods,871.8025952,14,167.5491162,East
3/25/2023,Sports,1736.73286,10,491.6693071,South
3/25/2023,Books,1293.668062,2,235.172295,West
3/26/2023,Electronics,1027.430238,7,312.6833475,South
3/26/2023,Clothing,1394.320727,7,359.1059301,East
3/26/2023,Home Goods,1284.681997,10,482.1742298,West
3/26/2023,Sports,801.366245,4,101.0616505,South
3/26/2023,Books,826.3110234,10,110.4705977,North
3/27/2023,Electronics,1019.106518,9,344.5835113,East
3/27/2023,Clothing,579.2184185,10,214.3148329,West
3/27/2023,Home Goods,1524.873023,17,260.8465599,North
3/27/2023,Sports,1320.95515,4,300.0172834,South
3/27/2023,Books,726.1155781,18,239.6158467,South
3/28/2023,Electronics,1666.808689,15,284.3086839,West
3/28/2023,Clothing,628.6537168,2,152.0509592,North
3/28/2023,Home Goods,1367.375331,11,231.8851543,South
3/28/2023,Sports,1487.018969,13,413.9011729,South
3/28/2023,Books,869.5522714,7,268.2945849,East
3/29/2023,Electronics,792.7358763,10,181.1083467,East
3/29/2023,Clothing,1312.782651,4,416.5480948,South
3/29/2023,Home Goods,844.0439825,7,280.0426674,West
3/29/2023,Sports,825.4957258,6,170.4639525,West
3/29/2023,Books,695.5729808,13,177.8704879,South
3/30/2023,Electronics,843.7258542,8,307.1362294,South
3/30/2023,Clothing,1061.628579,3,275.9038232,North
3/30/2023,Home Goods,592.8234308,2,236.0870751,South
3/30/2023,Sports,943.2755593,6,252.1705954,South
3/30/2023,Books,414.6644575,12,52.50905075,North
3/31/2023,Electronics,811.3213326,13,235.6791224,East
3/31/2023,Clothing,1050.808247,16,105.4706787,West
3/31/2023,Home Goods,575.8856509,12,227.1125495,East
3/31/2023,Sports,672.3061706,5,215.9138613,West
3/31/2023,Books,0,12,156.6662074,South
04/01/2023,Electronics,1695.798862,18,570.4168747,West
04/01/2023,Clothing,1117.995352,1,315.8850295,West
04/01/2023,Home Goods,1212.432603,14,164.0357157,East
04/01/2023,Sports,0,18,260.622691,North
04/01/2023,Books,449.1383881,4,162.588545,South
04/02/2023,Electronics,1152.397398,3,387.0704498,East
04/02/2023,Clothing,1024.548808,3,309.712029,South
04/02/2023,Home Goods,970.333104,14,331.6381389,West
04/02/2023,Sports,0,15,259.2048424,South
04/02/2023,Books,843.2793597,2,140.8987671,South
04/03/2023,Electronics,1015.160745,2,141.8762281,South
04/03/2023,Clothing,1051.149171,1,396.1015537,South
04/03/2023,Home Goods,0,3,185.5881311,North
04/03/2023,Sports,1279.532829,13,269.0349907,West
04/03/2023,Books,1285.23889,15,499.8737881,West
04/04/2023,Electronics,0,12,0,West
04/04/2023,Clothing,1197.255882,18,219.487877,East
04/04/2023,Home Goods,1042.615283,6,104.3655311,East
04/04/2023,Sports,1459.22525,19,315.1025502,North
04/04/2023,Books,1365.628556,19,215.1339349,North
04/05/2023,Electronics,1044.600237,9,239.319119,North
04/05/2023,Clothing,898.8742087,3,110.0122655,West
04/05/2023,Home Goods,815.9792009,16,250.9017046,North
04/05/2023,Sports,909.2590941,4,263.6459371,West
04/05/2023,Books,1131.081451,4,291.9461922,East
04/06/2023,Electronics,1357.193882,18,188.9391853,West
04/06/2023,Clothing,0,3,318.5116199,West
04/06/2023,Home Goods,682.1843369,14,104.4193256,North
04/06/2023,Sports,827.0468798,6,147.1679991,South
04/06/2023,Books,222.6873124,7,63.61830411,North
04/07/2023,Electronics,995.4070452,3,178.9297328,East
04/07/2023,Clothing,0,4,421.857,West
04/07/2023,Home Goods,948.116182,9,269.4777467,North
04/07/2023,Sports,1513.512544,6,329.5191003,South
04/07/2023,Books,0,1,273.8846878,West
04/08/2023,Electronics,1311.971406,1,462.1569812,South
04/08/2023,Clothing,1242.67876,11,308.9742177,West
04/08/2023,Home Goods,786.864235,8,132.2635437,North
04/08/2023,Sports,1009.601245,19,132.9726051,West
04/08/2023,Books,773.9746389,1,180.3221022,West
04/09/2023,Electronics,0,3,92.2747822,North
04/09/2023,Clothing,1055.404092,8,217.3873038,South
04/09/2023,Home Goods,677.0017196,5,201.807995,West
04/09/2023,Sports,466.41075,8,83.72722603,South
04/09/2023,Books,1008.933779,17,190.3186426,West
04/10/2023,Electronics,745.6060367,8,214.286482,South
04/10/2023,Clothing,741.5848893,9,217.4113883,South
04/10/2023,Home Goods,735.8614106,18,144.7179275,West
04/10/2023,Sports,1436.685607,16,493.5459519,West
04/10/2023,Books,1539.781473,2,213.1499843,East
04/11/2023,Electronics,1068.986334,9,226.2510722,East
04/11/2023,Clothing,727.5093607,14,168.652309,North
04/11/2023,Home Goods,846.5648333,12,134.807955,South
04/11/2023,Sports,771.8799777,17,226.7345285,East
04/11/2023,Books,636.2628163,7,225.2079608,North
04/12/2023,Electronics,1340.645505,15,235.5142874,North
04/12/2023,Clothing,1111.748713,12,129.137909,West
04/12/2023,Home Goods,1479.736701,11,267.5354921,West
04/12/2023,Sports,1119.906386,18,183.7244613,East
04/12/2023,Books,804.5929319,12,257.3413762,East
4/13/2023,Electronics,1241.033744,3,234.8836749,East
4/13/2023,Clothing,1255.650036,7,342.9831116,North
4/13/2023,Home Goods,813.2865415,10,217.4831479,West
4/13/2023,Sports,1143.426999,1,368.7707789,East
4/13/2023,Books,1386.394742,11,267.9605443,North
4/14/2023,Electronics,873.1564117,14,248.6711348,East
4/14/2023,Clothing,703.8754689,9,187.4194811,South
4/14/2023,Home Goods,1446.024141,10,474.725717,South
4/14/2023,Sports,1248.098317,11,407.9776256,East
4/14/2023,Books,1239.340802,6,449.8747976,North
4/15/2023,Electronics,0,4,289.3040503,West
4/15/2023,Clothing,717.5231448,3,101.4196505,South
4/15/2023,Home Goods,1504.327694,10,430.0523893,West
4/15/2023,Sports,774.7283351,13,99.08557858,East
4/15/2023,Books,1008.714032,3,120.4970224,West
4/16/2023,Electronics,0,4,153.2108884,West
4/16/2023,Clothing,1307.218758,19,326.120628,South
4/16/2023,Home Goods,1177.758085,19,138.4634576,North
4/16/2023,Sports,0,19,270.5773875,West
4/16/2023,Books,851.8720173,17,196.1058876,South
4/17/2023,Electronics,825.2089377,15,329.6744806,West
4/17/2023,Clothing,948.6252474,13,144.2327982,South
4/17/2023,Home Goods,1366.310109,15,304.6481692,South
4/17/2023,Sports,0,11,378.225841,South
4/17/2023,Books,623.9955421,10,125.0196201,North
4/18/2023,Electronics,1104.593303,11,118.4759484,South
4/18/2023,Clothing,1503.937506,13,503.4800497,East
4/18/2023,Home Goods,1220.468051,10,434.2649965,South
4/18/2023,Sports,1154.080032,10,439.9422191,West
4/18/2023,Books,840.1897481,6,243.1099066,South
4/19/2023,Electronics,991.7455285,1,331.3063979,West
4/19/2023,Clothing,1531.675479,6,179.4879747,South
4/19/2023,Home Goods,700.4843682,4,72.86493592,West
4/19/2023,Sports,1090.53757,12,123.6434839,South
4/19/2023,Books,736.605224,14,128.8056327,West
4/20/2023,Electronics,751.9358938,16,246.4992327,South
4/20/2023,Clothing,855.9392878,9,210.7933308,West
4/20/2023,Home Goods,0,11,144.2451249,South
4/20/2023,Sports,415.6340088,18,92.82299488,East
4/20/2023,Books,1235.115635,6,456.9310336,South
4/21/2023,Electronics,0,15,403.0689418,North
4/21/2023,Clothing,1506.968037,10,524.9681578,West
4/21/2023,Home Goods,1265.382037,18,181.5690633,East
4/21/2023,Sports,724.2459584,5,195.2560414,East
4/21/2023,Books,1092.119355,12,223.7227376,North
4/22/2023,Electronics,0,1,139.6432769,West
4/22/2023,Clothing,753.0645816,1,193.5506055,North
4/22/2023,Home Goods,950.7461765,2,210.298744,East
4/22/2023,Sports,1052.932467,17,298.8959901,South
4/22/2023,Books,0,6,315.0889357,South
4/23/2023,Electronics,1130.967941,2,405.5606619,East
4/23/2023,Clothing,1271.180452,7,335.1207444,West
4/23/2023,Home Goods,909.3250972,10,357.745357,East
4/23/2023,Sports,1067.053332,17,171.1651016,East
4/23/2023,Books,1038.535521,4,339.627548,South
4/24/2023,Electronics,1319.7583,15,213.0939586,North
4/24/2023,Clothing,707.7891331,14,121.4841223,North
4/24/2023,Home Goods,1137.849192,8,450.0158244,South
4/24/2023,Sports,1548.578084,3,577.2573537,North
4/24/2023,Books,1605.689833,10,400.3687283,South
4/25/2023,Electronics,758.9908612,18,97.16782525,North
4/25/2023,Clothing,361.0069373,19,57.2855851,West
4/25/2023,Home Goods,450.7694655,9,123.1853824,North
4/25/2023,Sports,1060.195541,8,359.8030644,East
4/25/2023,Books,172.1207802,6,58.17310679,East
4/26/2023,Electronics,1319.012455,16,471.0902803,East
4/26/2023,Clothing,1763.100369,8,649.168113,West
4/26/2023,Home Goods,1054.842073,16,153.6180065,West
4/26/2023,Sports,742.1979149,1,167.2381898,East
4/26/2023,Books,1342.715543,13,264.3852013,West
4/27/2023,Electronics,943.8567205,5,252.8844212,North
4/27/2023,Clothing,1295.718999,4,409.1959465,South
4/27/2023,Home Goods,842.801028,3,131.6653965,North
4/27/2023,Sports,622.8366175,9,215.3264863,South
4/27/2023,Books,1085.795482,11,402.1664892,West
4/28/2023,Electronics,871.3471193,12,169.2315026,West
4/28/2023,Clothing,1389.098364,16,435.6270896,West
4/28/2023,Home Goods,993.1395813,1,170.7825009,West
4/28/2023,Sports,1074.759563,18,348.9184362,North
4/28/2023,Books,1126.442035,16,307.7157119,North
4/29/2023,Electronics,969.0930396,15,170.7468889,North
4/29/2023,Clothing,1367.539704,16,180.3827508,East
4/29/2023,Home Goods,860.6148108,7,129.2123664,West
4/29/2023,Sports,1060.347897,1,372.3012287,East
4/29/2023,Books,932.7234524,15,178.7034738,East
4/30/2023,Electronics,821.7469754,3,270.3108632,North
4/30/2023,Clothing,1154.172355,12,196.0118724,North
4/30/2023,Home Goods,1053.874535,3,124.0707172,East
4/30/2023,Sports,1122.945597,2,262.9002761,South
4/30/2023,Books,927.6227036,14,333.3589202,West
05/01/2023,Electronics,928.5164618,14,226.2989782,North
05/01/2023,Clothing,695.8786026,8,224.0528939,South
05/01/2023,Home Goods,0,13,451.9370878,East
05/01/2023,Sports,1265.425316,9,242.234457,East
05/01/2023,Books,1659.857989,14,274.7611976,North
05/02/2023,Electronics,0,4,149.5435796,South
05/02/2023,Clothing,1025.752119,14,286.7051491,East
05/02/2023,Home Goods,825.9915993,9,156.9183599,South
05/02/2023,Sports,803.3090861,8,291.7446121,North
05/02/2023,Books,1044.625269,14,211.1414906,West
05/03/2023,Electronics,0,12,335.3873913,West
05/03/2023,Clothing,805.2006064,14,287.2221647,East
05/03/2023,Home Goods,632.2199905,5,176.8278551,North
05/03/2023,Sports,0,9,460.8251867,West
05/03/2023,Books,844.626205,12,202.144365,East
05/04/2023,Electronics,1072.314543,9,216.8699437,West
05/04/2023,Clothing,1631.56072,19,381.0898923,North
05/04/2023,Home Goods,666.0836719,19,114.0535341,East
05/04/2023,Sports,891.178626,12,219.497403,South
05/04/2023,Books,849.2201618,12,327.0850565,South
05/05/2023,Electronics,1105.962218,8,320.9847522,South
05/05/2023,Clothing,994.0644054,18,207.3180245,West
05/05/2023,Home Goods,1241.969253,19,227.335383,North
05/05/2023,Sports,1061.814855,13,259.7329925,West
05/05/2023,Books,244.7700693,17,62.40946234,South
05/06/2023,Electronics,565.0179461,17,57.80088941,South
05/06/2023,Clothing,1089.37632,1,219.6816621,North
05/06/2023,Home Goods,1086.619718,17,179.8931002,South
05/06/2023,Sports,1113.205211,9,384.0609771,North
05/06/2023,Books,945.8530633,9,326.7562916,North
05/07/2023,Electronics,1031.063242,9,112.2832684,West
05/07/2023,Clothing,351.3342337,11,39.86100156,East
05/07/2023,Home Goods,880.2664443,1,190.9841094,East
05/07/2023,Sports,804.1309683,12,293.2485249,North
05/07/2023,Books,1231.606469,16,232.7961515,South
05/08/2023,Electronics,1459.397123,7,563.6336729,North
05/08/2023,Clothing,1043.460299,18,184.7011008,West
05/08/2023,Home Goods,815.5681405,1,193.1844024,South
05/08/2023,Sports,1058.018735,8,344.2300079,North
05/08/2023,Books,754.4149961,12,93.58820112,East
05/09/2023,Electronics,842.1116406,9,247.5261079,East
05/09/2023,Clothing,1451.745486,11,405.9192465,South
05/09/2023,Home Goods,1212.464327,7,439.0449458,West
05/09/2023,Sports,1069.964839,6,145.6944639,South
05/09/2023,Books,1384.629676,8,479.087114,North
05/10/2023,Electronics,1035.060815,12,195.121604,North
05/10/2023,Clothing,944.1632957,5,129.2568885,North
05/10/2023,Home Goods,769.3941058,6,272.1203144,South
05/10/2023,Sports,911.206947,13,166.3994664,North
05/10/2023,Books,1325.081824,6,446.1491508,West
05/11/2023,Electronics,831.4343009,3,297.0454529,East
05/11/2023,Clothing,601.4184341,9,137.9025803,West
05/11/2023,Home Goods,918.2716896,1,236.678816,South
05/11/2023,Sports,977.5267466,5,287.1212607,North
05/11/2023,Books,907.5897147,19,97.68780902,West
05/12/2023,Electronics,1233.89816,18,359.1515952,East
05/12/2023,Clothing,1382.0921,11,267.2485823,South
05/12/2023,Home Goods,850.5196351,5,220.5615176,West
05/12/2023,Sports,1567.416355,13,613.8121208,South
05/12/2023,Books,861.3711944,3,335.2501671,West
5/13/2023,Electronics,965.7136133,11,208.9765901,South
5/13/2023,Clothing,952.8107724,19,101.9561159,East
5/13/2023,Home Goods,987.828452,10,365.5211784,North
5/13/2023,Sports,646.4010732,5,250.0121944,North
5/13/2023,Books,212.8635293,18,74.07910683,North
5/14/2023,Electronics,633.7989851,13,178.7713715,South
5/14/2023,Clothing,538.1000442,16,178.6823979,North
5/14/2023,Home Goods,554.116891,5,134.8518451,North
5/14/2023,Sports,1471.844392,19,304.4593934,South
5/14/2023,Books,1075.135722,13,170.287684,North
5/15/2023,Electronics,1609.988131,12,562.2184058,West
5/15/2023,Clothing,1025.606086,19,153.4025843,East
5/15/2023,Home Goods,948.4411041,15,327.2378638,West
5/15/2023,Sports,667.5506406,19,223.4402132,East
5/15/2023,Books,1087.558529,19,174.4374628,North
5/16/2023,Electronics,1269.839491,8,142.0161311,North
5/16/2023,Clothing,1157.128065,2,366.396468,North
5/16/2023,Home Goods,1081.426448,15,390.3849423,North
5/16/2023,Sports,1098.039673,5,371.4264121,West
5/16/2023,Books,1488.702881,9,540.5884706,West
5/17/2023,Electronics,727.1905691,6,201.1550601,South
5/17/2023,Clothing,1008.662717,4,187.344037,North
5/17/2023,Home Goods,455.5380867,11,171.1094043,East
5/17/2023,Sports,1580.916791,18,502.2808817,North
5/17/2023,Books,983.5317998,19,276.0135407,East
5/18/2023,Electronics,1085.666222,4,371.2726636,East
5/18/2023,Clothing,940.7984739,13,218.0252906,North
5/18/2023,Home Goods,954.6180149,1,351.2298011,East
5/18/2023,Sports,669.3159034,5,169.4237651,South
5/18/2023,Books,745.0241363,16,244.9482297,South
5/19/2023,Electronics,1337.233816,10,187.6547419,South
5/19/2023,Clothing,1284.257939,16,444.2753456,North
5/19/2023,Home Goods,731.6950262,15,290.6027842,South
5/19/2023,Sports,794.8121495,8,316.6488624,West
5/19/2023,Books,1217.528736,1,146.9665085,North
5/20/2023,Electronics,1154.853486,8,440.1462009,West
5/20/2023,Clothing,1356.674011,4,420.5828926,East
5/20/2023,Home Goods,1212.491154,8,266.4207497,South
5/20/2023,Sports,951.0799108,6,182.4563135,West
5/20/2023,Books,776.5292066,3,224.9037848,North
5/21/2023,Electronics,1009.057236,16,307.2827444,North
5/21/2023,Clothing,1182.582233,2,400.1322132,West
5/21/2023,Home Goods,650.1973333,13,195.0958232,East
5/21/2023,Sports,978.5663029,2,180.3510904,West
5/21/2023,Books,763.3177694,7,185.4336222,North
5/22/2023,Electronics,858.751307,17,250.8780222,North
5/22/2023,Clothing,1444.371565,17,456.3310488,West
5/22/2023,Home Goods,856.4267666,10,236.1677626,West
5/22/2023,Sports,1615.649844,18,278.8280489,West
5/22/2023,Books,1245.456141,14,431.8749173,West
5/23/2023,Electronics,1157.131333,4,165.3110088,East
5/23/2023,Clothing,478.5458583,8,86.8191363,East
5/23/2023,Home Goods,1166.865274,9,378.7569652,East
5/23/2023,Sports,1243.671934,17,315.070283,South
5/23/2023,Books,1208.163533,17,143.5381478,South
5/24/2023,Electronics,1478.823921,8,149.57709,North
5/24/2023,Clothing,1055.470245,2,204.7658455,West
5/24/2023,Home Goods,684.1104765,18,251.452771,North
5/24/2023,Sports,436.1318116,12,131.9481985,North
5/24/2023,Books,643.2781403,1,243.8354087,North
5/25/2023,Electronics,1156.673104,13,179.1017746,West
5/25/2023,Clothing,755.0788042,12,104.8654918,West
5/25/2023,Home Goods,683.3838949,19,198.3876581,North
5/25/2023,Sports,1317.545363,10,173.1813503,South
5/25/2023,Books,1000.158388,9,242.8287743,West
5/26/2023,Electronics,1180.362025,18,342.6912531,East
5/26/2023,Clothing,847.5579407,9,132.0553753,North
5/26/2023,Home Goods,955.6659044,13,214.7756388,South
5/26/2023,Sports,1186.662143,11,378.7219275,South
5/26/2023,Books,658.3500647,1,223.0965207,East
5/27/2023,Electronics,533.8723702,8,157.7549761,South
5/27/2023,Clothing,1245.366897,3,242.4582435,West
5/27/2023,Home Goods,1041.489607,1,382.2938626,West
5/27/2023,Sports,898.0256483,11,188.8869399,North
5/27/2023,Books,1154.320281,12,150.0155172,South
5/28/2023,Electronics,1176.916628,14,203.0965775,South
5/28/2023,Clothing,931.4200254,3,206.1110725,North
5/28/2023,Home Goods,701.6951876,12,195.4498284,West
5/28/2023,Sports,1185.109051,6,389.5367052,East
5/28/2023,Books,1110.216607,16,368.4547403,West
5/29/2023,Electronics,771.0553531,15,263.8140147,South
5/29/2023,Clothing,1040.726164,5,186.9923173,West
5/29/2023,Home Goods,638.1186072,7,130.4497432,South
5/29/2023,Sports,615.9194772,12,61.84206505,East
5/29/2023,Books,1177.306467,4,416.9057036,North
5/30/2023,Electronics,1597.37578,11,557.3706316,East
5/30/2023,Clothing,933.0393236,4,345.0720573,North
5/30/2023,Home Goods,1446.959032,9,551.6003623,South
5/30/2023,Sports,1501.444867,12,176.1995623,South
5/30/2023,Books,967.7322604,8,370.4646469,North
5/31/2023,Electronics,1637.930677,11,636.8774123,West
5/31/2023,Clothing,1129.893005,9,182.4713509,South
5/31/2023,Home Goods,887.4410859,10,172.6464378,East
5/31/2023,Sports,904.685471,11,356.894797,West
5/31/2023,Books,610.5619345,11,108.6626195,North
06/01/2023,Electronics,1473.432042,15,552.8991161,West
06/01/2023,Clothing,1090.313343,9,334.7261103,South
06/01/2023,Home Goods,1523.504929,17,577.6857091,West
06/01/2023,Sports,749.4571295,1,290.3248799,East
06/01/2023,Books,1626.861617,2,280.7442363,North
06/02/2023,Electronics,1196.396249,18,315.9178718,South
06/02/2023,Clothing,1055.395833,13,250.7402908,East
06/02/2023,Home Goods,939.7752509,12,347.0612573,West
06/02/2023,Sports,630.3573011,1,88.943238,East
06/02/2023,Books,1134.358524,12,440.3444719,West
06/03/2023,Electronics,1111.328215,4,428.3380595,West
06/03/2023,Clothing,1164.008597,12,207.0335198,North
06/03/2023,Home Goods,966.2128512,18,268.6731462,East
06/03/2023,Sports,753.2705268,17,292.2996084,North
06/03/2023,Books,1395.087651,16,548.5378232,East
06/04/2023,Electronics,1314.995288,4,229.0749337,North
06/04/2023,Clothing,904.6658187,11,271.3817823,East
06/04/2023,Home Goods,1091.804319,5,112.1409038,North
06/04/2023,Sports,1316.399894,10,449.4530666,North
06/04/2023,Books,791.2985866,2,201.3103843,West
06/05/2023,Electronics,674.7425827,5,117.2312822,North
06/05/2023,Clothing,1629.916537,10,603.7454182,South
06/05/2023,Home Goods,925.8922898,2,368.4833771,West
06/05/2023,Sports,129.5428952,3,28.20634042,North
06/05/2023,Books,1600.110253,3,187.7103396,East
06/06/2023,Electronics,440.0380146,18,175.0175018,North
06/06/2023,Clothing,1302.254107,18,386.7555644,South
06/06/2023,Home Goods,1146.149332,5,126.9998166,North
06/06/2023,Sports,1197.257324,2,363.8045706,North
06/06/2023,Books,1031.768336,11,277.5429921,North
06/07/2023,Electronics,1175.323894,3,232.598396,East
06/07/2023,Clothing,730.3647855,15,271.0582901,South
06/07/2023,Home Goods,600.9059123,8,132.3690739,South
06/07/2023,Sports,961.7352639,15,253.2746462,North
06/07/2023,Books,1453.346479,8,226.4906334,East
06/08/2023,Electronics,870.9702389,14,105.6900485,West
06/08/2023,Clothing,1025.906595,15,373.275059,North
06/08/2023,Home Goods,1379.688861,8,157.6879197,West
06/08/2023,Sports,889.361219,2,295.4207761,West
06/08/2023,Books,714.346358,17,186.9647049,West
06/09/2023,Electronics,1126.79652,13,125.3801441,South
06/09/2023,Clothing,1500.768626,6,174.6749497,South
06/09/2023,Home Goods,1730.32259,8,290.4131896,South
06/09/2023,Sports,991.572906,19,114.5963614,West
06/09/2023,Books,933.9628959,12,156.2408269,East
06/10/2023,Electronics,674.856745,13,153.0499238,South
06/10/2023,Clothing,1544.002362,5,484.4869425,East
06/10/2023,Home Goods,815.0184838,16,302.0312279,South
06/10/2023,Sports,887.1470192,4,350.8289608,West
06/10/2023,Books,1076.158363,8,321.0226415,East
06/11/2023,Electronics,1470.680349,10,460.0232959,East
06/11/2023,Clothing,1039.97717,17,401.0843924,South
06/11/2023,Home Goods,475.2339871,17,133.2870533,West
06/11/2023,Sports,722.6508372,5,94.4900579,North
06/11/2023,Books,1099.050052,19,231.6624202,North
06/12/2023,Electronics,638.2713615,15,200.6074064,East
06/12/2023,Clothing,945.6981584,6,355.8646626,East
06/12/2023,Home Goods,938.5228625,9,148.8236171,North
06/12/2023,Sports,979.6366684,6,196.596559,West
06/12/2023,Books,1221.211941,13,469.1007235,North
6/13/2023,Electronics,1342.339819,17,287.4692041,East
6/13/2023,Clothing,269.4808931,4,58.02099102,East
6/13/2023,Home Goods,1043.227914,11,366.9024211,West
6/13/2023,Sports,1145.838307,2,265.0305653,West
6/13/2023,Books,1374.368787,19,428.6078393,North
6/14/2023,Electronics,1545.766955,6,209.5251673,West
6/14/2023,Clothing,1011.980919,3,390.3616564,West
6/14/2023,Home Goods,856.3487632,2,309.5051754,East
6/14/2023,Sports,741.1672708,5,89.87948183,South
6/14/2023,Books,1333.473597,16,526.1509567,East
6/15/2023,Electronics,1580.4118,18,275.391532,West
6/15/2023,Clothing,1020.924055,11,160.7223426,West
6/15/2023,Home Goods,808.0706418,17,307.4695294,North
6/15/2023,Sports,811.2209819,1,150.6660428,West
6/15/2023,Books,1460.118313,9,446.2605812,North
6/16/2023,Electronics,1049.423136,7,304.0017698,South
6/16/2023,Clothing,987.844495,19,331.5014913,North
6/16/2023,Home Goods,911.7205385,18,348.6252809,North
6/16/2023,Sports,841.5889006,8,101.2017083,North
6/16/2023,Books,1116.451077,9,358.7888536,South
6/17/2023,Electronics,1011.618106,9,163.2065465,North
6/17/2023,Clothing,551.0412235,10,140.5358904,East
6/17/2023,Home Goods,804.9928197,16,232.8120872,West
6/17/2023,Sports,1062.180199,11,295.9317929,East
6/17/2023,Books,1020.803301,15,393.4451195,East
6/18/2023,Electronics,1529.71278,19,439.1723299,East
6/18/2023,Clothing,811.6350357,2,146.2733599,South
6/18/2023,Home Goods,728.5256044,10,171.3535514,West
6/18/2023,Sports,1436.518175,16,395.1388743,East
6/18/2023,Books,1196.680428,4,459.5493601,South
6/19/2023,Electronics,539.0429155,10,152.9143171,East
6/19/2023,Clothing,1165.442883,4,361.6857333,North
6/19/2023,Home Goods,1102.176765,13,245.1742696,North
6/19/2023,Sports,1186.365564,9,278.8863962,North
6/19/2023,Books,951.1361268,10,208.9746846,North
6/20/2023,Electronics,1427.338604,6,561.0897831,North
6/20/2023,Clothing,1209.287011,10,123.9470605,South
6/20/2023,Home Goods,1218.414659,15,216.406883,North
6/20/2023,Sports,903.1526609,9,209.0938344,East
6/20/2023,Books,1524.875171,9,263.2035553,West
6/21/2023,Electronics,1414.436224,13,180.223851,North
6/21/2023,Clothing,708.0653919,1,213.7376817,South
6/21/2023,Home Goods,436.7671344,16,87.31431943,South
6/21/2023,Sports,1149.905533,13,386.4037349,East
6/21/2023,Books,1141.600681,10,290.0616843,East
6/22/2023,Electronics,1046.301006,19,346.5587063,North
6/22/2023,Clothing,1513.581159,9,244.9961496,East
6/22/2023,Home Goods,484.6617713,1,178.6481836,North
6/22/2023,Sports,1085.460593,18,364.949336,North
6/22/2023,Books,1299.798913,6,296.718616,West
6/23/2023,Electronics,928.8769027,18,273.8298432,North
6/23/2023,Clothing,881.0692512,11,246.3942056,North
6/23/2023,Home Goods,1418.988544,4,393.1588688,East
6/23/2023,Sports,995.8486762,4,162.3321025,North
6/23/2023,Books,793.0816678,3,176.7789475,South
6/24/2023,Electronics,1221.187395,16,311.3140255,North
6/24/2023,Clothing,952.4149969,10,364.5457854,South
6/24/2023,Home Goods,1040.715577,19,138.5500059,North
6/24/2023,Sports,1049.473043,1,202.4874936,West
6/24/2023,Books,1560.884599,13,300.2185919,West
6/25/2023,Electronics,404.3013531,5,80.06087086,South
6/25/2023,Clothing,576.9576985,16,209.3755428,North
6/25/2023,Home Goods,765.8379705,9,94.42187335,North
6/25/2023,Sports,579.7978027,5,175.7264138,North
6/25/2023,Books,1004.299618,12,359.1669531,East
6/26/2023,Electronics,936.1575216,9,138.6539365,North
6/26/2023,Clothing,988.7878421,13,313.0292371,West
6/26/2023,Home Goods,874.7899559,17,281.8466904,North
6/26/2023,Sports,911.4730257,2,236.588067,West
6/26/2023,Books,626.2847871,1,127.4921591,South
6/27/2023,Electronics,1016.480233,11,324.9932882,East
6/27/2023,Clothing,787.1260436,19,131.2205166,North
6/27/2023,Home Goods,622.4485268,10,175.7332814,South
6/27/2023,Sports,847.4831886,19,170.091698,South
6/27/2023,Books,801.7773892,8,317.4028234,North
6/28/2023,Electronics,524.2050063,19,159.1976782,West
6/28/2023,Clothing,436.0226845,15,142.1775746,North
6/28/2023,Home Goods,209.2756783,1,60.56975474,West
6/28/2023,Sports,1001.012652,15,134.7547142,North
6/28/2023,Books,1227.298862,7,175.3228204,South
6/29/2023,Electronics,997.7453907,17,161.5106678,North
6/29/2023,Clothing,1224.726953,17,472.0497044,North
6/29/2023,Home Goods,1332.636515,17,377.6704951,East
6/29/2023,Sports,986.2899307,15,360.6723498,East
6/29/2023,Books,770.5024154,16,79.35684299,West
6/30/2023,Electronics,1315.328536,16,211.8085939,West
6/30/2023,Clothing,1246.227791,19,231.365472,East
6/30/2023,Home Goods,604.2258416,2,133.7578352,East
6/30/2023,Sports,939.1058088,3,97.67668158,South
6/30/2023,Books,1371.23144,19,252.6693986,South
07/01/2023,Electronics,862.8095035,8,313.376843,West
07/01/2023,Clothing,1171.56342,15,140.5517821,North
07/01/2023,Home Goods,775.3649234,17,94.77411593,South
07/01/2023,Sports,1087.795416,10,213.5871569,East
07/01/2023,Books,1002.39907,3,205.6483443,West
07/02/2023,Electronics,1463.82705,4,350.252176,West
07/02/2023,Clothing,1243.342978,11,369.2962957,East
07/02/2023,Home Goods,945.0418245,2,282.0999806,North
07/02/2023,Sports,1195.348438,9,121.4402803,West
07/02/2023,Books,1031.18165,9,283.6925872,North
07/03/2023,Electronics,826.2842356,16,268.9754303,East
07/03/2023,Clothing,1337.888968,3,403.1691506,West
07/03/2023,Home Goods,1231.976296,12,397.5291294,East
07/03/2023,Sports,630.5593754,6,204.9275972,North
07/03/2023,Books,1392.245257,16,456.1198678,East
07/04/2023,Electronics,1440.707019,10,394.2379881,South
07/04/2023,Clothing,892.6168506,10,171.4461271,North
07/04/2023,Home Goods,703.6507957,8,194.5956693,North
07/04/2023,Sports,1279.969734,8,358.3037127,South
07/04/2023,Books,1255.1943,12,406.3390473,West
07/05/2023,Electronics,952.9773773,17,262.4503767,South
07/05/2023,Clothing,1346.765525,18,521.9381049,North
07/05/2023,Home Goods,873.7183343,6,227.1452907,East
07/05/2023,Sports,1051.551802,1,271.9495149,West
07/05/2023,Books,1165.975366,14,193.1026417,West
07/06/2023,Electronics,1184.207694,6,397.9085905,South
07/06/2023,Clothing,1158.517844,5,375.7670841,North
07/06/2023,Home Goods,861.9771238,6,193.5761781,West
07/06/2023,Sports,980.0837147,3,340.3811802,West
07/06/2023,Books,1028.60326,6,235.2369158,South
07/07/2023,Electronics,920.9655352,8,295.5089816,East
07/07/2023,Clothing,859.255291,6,110.3931509,West
07/07/2023,Home Goods,1193.388474,12,236.281102,East
07/07/2023,Sports,1180.739829,3,471.4558224,East
07/07/2023,Books,1312.555643,15,250.9725592,North
07/08/2023,Electronics,1364.439117,11,142.0511631,West
07/08/2023,Clothing,820.7294093,16,158.9415632,South
07/08/2023,Home Goods,1400.470974,15,355.0063891,South
07/08/2023,Sports,1188.924964,3,453.6035542,North
07/08/2023,Books,1074.792579,4,426.9116396,East
07/09/2023,Electronics,1313.526542,19,305.6420501,South
07/09/2023,Clothing,1070.124153,16,298.624098,West
07/09/2023,Home Goods,678.4075251,11,256.9413252,East
07/09/2023,Sports,1455.084037,5,580.1264839,West
07/09/2023,Books,1405.340774,18,414.368492,North
07/10/2023,Electronics,1210.554786,14,140.4296805,East
07/10/2023,Clothing,981.4141762,18,204.849989,South
07/10/2023,Home Goods,1167.487502,12,291.9977703,North
07/10/2023,Sports,951.8886998,9,115.1216063,South
07/10/2023,Books,1121.230497,4,251.321842,West
07/11/2023,Electronics,693.4077669,12,78.14891618,South
07/11/2023,Clothing,1285.779518,14,151.9553166,South
07/11/2023,Home Goods,1142.107941,16,122.7650303,East
07/11/2023,Sports,1253.955428,6,327.007153,West
07/11/2023,Books,1149.929932,13,168.0131723,North
07/12/2023,Electronics,1133.385812,11,314.9135759,West
07/12/2023,Clothing,1312.272805,11,151.6945443,West
07/12/2023,Home Goods,1061.993931,16,326.2487108,East
07/12/2023,Sports,1221.54725,7,305.96425,East
07/12/2023,Books,950.0592615,9,379.236457,West
7/13/2023,Electronics,1063.563604,5,392.6780625,East
7/13/2023,Clothing,1487.629558,15,526.9427555,South
7/13/2023,Home Goods,1422.257937,14,285.2817808,East
7/13/2023,Sports,395.4382035,17,140.6827665,South
7/13/2023,Books,624.5758383,19,165.8643214,South
7/14/2023,Electronics,946.9677511,6,362.4187971,West
7/14/2023,Clothing,535.4145103,15,77.19749316,East
7/14/2023,Home Goods,876.583051,8,145.4356797,West
7/14/2023,Sports,854.7851091,10,151.2447526,North
7/14/2023,Books,593.7159837,4,96.86599879,South
7/15/2023,Electronics,699.0663952,4,100.7190934,West
7/15/2023,Clothing,853.3450472,11,229.5690259,West
7/15/2023,Home Goods,916.4701352,5,223.2052336,South
7/15/2023,Sports,650.2985229,3,65.64261026,West
7/15/2023,Books,1005.412495,17,233.7824821,East
7/16/2023,Electronics,1274.617083,10,235.2633567,South
7/16/2023,Clothing,835.1379176,9,131.298543,North
7/16/2023,Home Goods,1549.767113,8,463.7841027,South
7/16/2023,Sports,1244.245529,15,141.2074747,East
7/16/2023,Books,916.3349818,18,221.0751673,North
7/17/2023,Electronics,1253.547391,12,307.0617724,East
7/17/2023,Clothing,759.5623088,16,168.654309,East
7/17/2023,Home Goods,1099.243278,7,259.6379352,North
7/17/2023,Sports,1277.619427,13,492.4372607,North
7/17/2023,Books,1009.53447,6,272.8955362,North
7/18/2023,Electronics,1329.287489,4,519.8452605,West
7/18/2023,Clothing,1011.490176,13,301.9299975,South
7/18/2023,Home Goods,1069.778472,3,165.6566235,South
7/18/2023,Sports,934.0748512,16,173.4691613,North
7/18/2023,Books,1468.28494,6,311.8115575,East
7/19/2023,Electronics,1610.50981,10,338.5568929,East
7/19/2023,Clothing,1371.471382,5,209.2000507,North
7/19/2023,Home Goods,736.9022216,9,129.5428485,North
7/19/2023,Sports,891.8056264,4,89.35537191,East
7/19/2023,Books,1161.675756,10,392.3890291,West
7/20/2023,Electronics,604.2034259,4,143.4965484,East
7/20/2023,Clothing,817.6154658,13,104.763488,South
7/20/2023,Home Goods,1042.627674,15,388.4104684,East
7/20/2023,Sports,1172.410378,5,281.2493192,North
7/20/2023,Books,1259.358973,18,319.7218364,South
7/21/2023,Electronics,1455.665974,7,553.9560535,South
7/21/2023,Clothing,1351.498694,13,408.5849439,South
7/21/2023,Home Goods,890.3992141,16,179.970576,West
7/21/2023,Sports,1210.397501,10,401.9316419,North
7/21/2023,Books,661.8707644,1,235.55623,North
7/22/2023,Electronics,913.7657442,3,297.9974866,West
7/22/2023,Clothing,1086.198671,9,218.1109934,West
7/22/2023,Home Goods,829.0501215,8,152.806311,South
7/22/2023,Sports,1098.852621,12,235.0725489,West
7/22/2023,Books,1573.722823,1,269.2324966,North
7/23/2023,Electronics,1259.246264,8,476.9312306,South
7/23/2023,Clothing,569.6603974,13,198.2746127,South
7/23/2023,Home Goods,682.8001548,8,227.0810431,East
7/23/2023,Sports,497.9545601,19,93.68157165,West
7/23/2023,Books,802.994563,19,233.7745306,East
7/24/2023,Electronics,1473.435417,6,278.0319036,South
7/24/2023,Clothing,1295.634906,5,473.4982437,West
7/24/2023,Home Goods,1203.14406,4,468.0327801,West
7/24/2023,Sports,926.4098376,17,288.9230016,East
7/24/2023,Books,1416.989221,3,202.1711645,West
7/25/2023,Electronics,908.8720655,1,115.1512863,West
7/25/2023,Clothing,859.4698455,4,137.1261125,East
7/25/2023,Home Goods,653.5915772,9,112.4156658,West
7/25/2023,Sports,671.3797291,14,157.5282705,East
7/25/2023,Books,1089.517554,2,170.8559914,West
7/26/2023,Electronics,1622.691263,8,443.5907841,East
7/26/2023,Clothing,888.3182547,5,119.4246873,East
7/26/2023,Home Goods,1190.633808,15,262.79893,East
7/26/2023,Sports,664.7745479,18,245.0816711,East
7/26/2023,Books,686.9995471,16,124.6835165,North
7/27/2023,Electronics,681.1100032,2,105.8375044,South
7/27/2023,Clothing,1305.571991,1,176.352827,North
7/27/2023,Home Goods,1087.343292,15,418.5944391,South
7/27/2023,Sports,589.5054884,5,121.7561655,East
7/27/2023,Books,1596.1828,16,263.9649196,East
7/28/2023,Electronics,1163.043814,3,314.0004037,East
7/28/2023,Clothing,1059.94313,3,236.6398586,South
7/28/2023,Home Goods,1140.01487,5,147.7700522,North
7/28/2023,Sports,1151.910093,5,156.2136709,North
7/28/2023,Books,572.6249081,16,191.8579893,West
7/29/2023,Electronics,1132.835658,19,337.1492146,West
7/29/2023,Clothing,1130.449366,13,305.664792,East
7/29/2023,Home Goods,903.1746922,9,98.92792606,South
7/29/2023,Sports,427.6577326,12,109.940516,South
7/29/2023,Books,741.8844968,8,294.401676,North
7/30/2023,Electronics,1145.810887,10,397.6716208,North
7/30/2023,Clothing,535.8088033,6,197.5876696,West
7/30/2023,Home Goods,1346.069029,17,359.6604543,North
7/30/2023,Sports,844.4176063,17,295.864749,West
7/30/2023,Books,1370.14517,14,212.1008224,West
7/31/2023,Electronics,980.599741,15,340.3535039,East
7/31/2023,Clothing,785.6456403,3,82.5139193,North
7/31/2023,Home Goods,1269.092332,17,287.1046775,South
7/31/2023,Sports,991.9504469,6,147.1713665,West
7/31/2023,Books,845.8484149,18,331.0187782,North
08/01/2023,Electronics,783.875543,15,222.4942548,East
08/01/2023,Clothing,771.3152476,15,230.2633014,North
08/01/2023,Home Goods,632.80538,3,139.8261492,West
08/01/2023,Sports,1202.709085,12,414.214574,North
08/01/2023,Books,1273.745017,18,167.8315673,West
08/02/2023,Electronics,957.612081,4,214.4589063,South
08/02/2023,Clothing,471.5899668,15,103.0790949,West
08/02/2023,Home Goods,1089.972232,8,160.2736715,West
08/02/2023,Sports,1029.720723,2,275.0509203,South
08/02/2023,Books,544.8081353,8,136.5987556,East
08/03/2023,Electronics,736.9208648,2,269.6058378,West
08/03/2023,Clothing,665.5648286,12,249.5376676,South
08/03/2023,Home Goods,655.1112403,10,127.3849059,South
08/03/2023,Sports,704.8201351,5,235.6137303,East
08/03/2023,Books,1232.546648,13,366.5797042,South
08/04/2023,Electronics,1165.912026,6,446.4888631,North
08/04/2023,Clothing,409.8790889,6,71.87261806,South
08/04/2023,Home Goods,664.8440615,15,163.0238671,West
08/04/2023,Sports,1149.823321,6,227.1629574,East
08/04/2023,Books,915.8269966,3,319.2082395,East
08/05/2023,Electronics,1452.290068,5,518.6962857,West
08/05/2023,Clothing,792.3543364,6,183.9625373,North
08/05/2023,Home Goods,1404.000917,11,331.7948254,South
08/05/2023,Sports,857.6963674,3,342.466878,West
08/05/2023,Books,1384.709042,17,264.9609732,North
08/06/2023,Electronics,1326.321953,10,380.4236483,East
08/06/2023,Clothing,968.5860224,2,146.5285853,West
08/06/2023,Home Goods,188.9559611,15,61.823536,South
08/06/2023,Sports,1282.853852,9,148.4484978,East
08/06/2023,Books,1333.104694,16,198.5069331,East
08/07/2023,Electronics,1190.871213,13,227.9097743,North
08/07/2023,Clothing,846.7914191,2,320.0356202,South
08/07/2023,Home Goods,952.5208356,3,103.4396938,South
08/07/2023,Sports,992.2536445,16,102.5898594,West
08/07/2023,Books,670.2811538,10,185.336537,North
08/08/2023,Electronics,756.3745204,4,296.6047982,South
08/08/2023,Clothing,1017.332309,15,184.5925067,East
08/08/2023,Home Goods,785.2989959,15,199.4305477,East
08/08/2023,Sports,970.2717099,11,331.5366442,North
08/08/2023,Books,819.1538033,17,137.4734396,North
08/09/2023,Electronics,567.4466722,16,113.2620654,East
08/09/2023,Clothing,1257.19923,13,454.0879965,North
08/09/2023,Home Goods,420.3498512,4,129.5273039,West
08/09/2023,Sports,797.3556469,19,131.4641386,North
08/09/2023,Books,1182.532621,6,241.1983736,South
08/10/2023,Electronics,1214.295681,16,183.8303863,South
08/10/2023,Clothing,971.012899,2,153.4497538,South
08/10/2023,Home Goods,875.2099216,4,320.1743983,West
08/10/2023,Sports,778.9594884,19,174.0126883,South
08/10/2023,Books,889.9805356,15,300.0624137,West
08/11/2023,Electronics,1293.526634,18,146.9296117,East
08/11/2023,Clothing,1156.642764,11,240.7463447,South
08/11/2023,Home Goods,983.505657,7,132.9542723,South
08/11/2023,Sports,860.2533763,3,235.1434774,North
08/11/2023,Books,889.9517002,10,203.127859,West
08/12/2023,Electronics,1449.332962,17,362.6423511,West
08/12/2023,Clothing,1278.413521,4,359.1800583,East
08/12/2023,Home Goods,1162.848505,18,204.748824,North
08/12/2023,Sports,714.3050858,10,241.0344383,South
08/12/2023,Books,796.9014585,4,104.2767694,South
8/13/2023,Electronics,843.8853639,11,298.7912565,West
8/13/2023,Clothing,918.5632794,3,278.2742674,North
8/13/2023,Home Goods,698.1191937,10,214.8156684,West
8/13/2023,Sports,896.8071786,1,257.9208935,North
8/13/2023,Books,624.3476658,16,102.2058329,North
8/14/2023,Electronics,1229.742847,18,139.5746405,North
8/14/2023,Clothing,521.701452,9,125.0002314,North
8/14/2023,Home Goods,1508.069941,10,187.7239671,South
8/14/2023,Sports,981.367201,2,223.6727287,West
8/14/2023,Books,1368.651789,4,208.5745339,East
8/15/2023,Electronics,1350.066363,2,155.4264333,West
8/15/2023,Clothing,1152.860889,5,314.8052212,North
8/15/2023,Home Goods,982.8728663,14,124.7885423,South
8/15/2023,Sports,940.6847973,14,319.8910635,South
8/15/2023,Books,679.7095448,4,270.1410905,South
8/16/2023,Electronics,916.1295087,14,307.2981498,North
8/16/2023,Clothing,1033.38303,1,362.9853485,West
8/16/2023,Home Goods,1045.73043,18,286.9051651,East
8/16/2023,Sports,1195.793922,8,165.4170382,East
8/16/2023,Books,658.693763,14,209.881844,West
8/17/2023,Electronics,974.9819137,5,127.7521087,West
8/17/2023,Clothing,43.65655719,8,8.140877158,South
8/17/2023,Home Goods,725.1177698,19,104.7543117,South
8/17/2023,Sports,1406.63284,8,518.0928597,West
8/17/2023,Books,1182.522326,6,406.4062414,East
8/18/2023,Electronics,1829.793884,2,516.2591156,West
8/18/2023,Clothing,837.924099,1,162.9557361,East
8/18/2023,Home Goods,596.2504646,11,208.0418398,South
8/18/2023,Sports,1425.559404,16,568.3287227,South
8/18/2023,Books,253.657403,3,87.19274015,South
8/19/2023,Electronics,403.7979469,2,121.8469103,South
8/19/2023,Clothing,922.7619445,8,179.5434806,East
8/19/2023,Home Goods,1404.444355,5,384.1825967,West
8/19/2023,Sports,770.5164277,13,136.3991673,East
8/19/2023,Books,999.9642554,6,127.745565,East
8/20/2023,Electronics,1325.002131,13,400.297083,North
8/20/2023,Clothing,862.1353177,13,306.047519,East
8/20/2023,Home Goods,478.5665081,8,65.88182818,South
8/20/2023,Sports,458.0236083,11,83.98025408,North
8/20/2023,Books,1058.652745,19,370.2374954,East
8/21/2023,Electronics,1354.147263,14,154.9519475,South
8/21/2023,Clothing,1683.520596,11,189.3517702,East
8/21/2023,Home Goods,797.822696,6,236.0636866,West
8/21/2023,Sports,542.4167396,1,213.2291749,West
8/21/2023,Books,1476.951693,7,431.697706,North
8/22/2023,Electronics,1172.221366,4,184.0162958,South
8/22/2023,Clothing,790.2045377,19,295.0637628,South
8/22/2023,Home Goods,1348.737486,16,157.8891706,North
8/22/2023,Sports,845.5122222,4,184.9821514,North
8/22/2023,Books,1261.322719,7,297.9939235,East
8/23/2023,Electronics,1245.438186,13,169.5467336,West
8/23/2023,Clothing,367.9448826,11,143.7915884,South
8/23/2023,Home Goods,957.6332393,1,241.1124146,South
8/23/2023,Sports,1402.084771,3,417.0230064,North
8/23/2023,Books,1092.425698,6,236.1631256,East
8/24/2023,Electronics,990.8843531,6,234.4580424,North
8/24/2023,Clothing,1051.758035,18,167.536395,South
8/24/2023,Home Goods,1153.258897,10,206.1348509,West
8/24/2023,Sports,460.9785961,1,63.63680757,North
8/24/2023,Books,1447.113841,2,161.2459479,West
8/25/2023,Electronics,1649.51682,9,213.7415344,West
8/25/2023,Clothing,1357.164578,19,256.0160382,West
8/25/2023,Home Goods,1037.175228,14,149.8802228,West
8/25/2023,Sports,762.4871948,16,203.9696666,East
8/25/2023,Books,1591.762653,17,409.2406258,South
8/26/2023,Electronics,584.2036173,16,161.2327062,West
8/26/2023,Clothing,812.9271726,2,234.9586645,South
8/26/2023,Home Goods,697.4013057,4,233.6579388,North
8/26/2023,Sports,1178.73634,13,257.2483785,West
8/26/2023,Books,694.7784936,8,236.575751,East
8/27/2023,Electronics,1790.061382,5,184.6414167,South
8/27/2023,Clothing,1159.523465,1,167.8320327,West
8/27/2023,Home Goods,823.0272106,15,233.0099073,East
8/27/2023,Sports,1253.284968,12,145.8442986,East
8/27/2023,Books,946.7738685,6,156.1228531,North
8/28/2023,Electronics,593.3411501,12,67.94279099,South
8/28/2023,Clothing,587.8001358,4,121.0461914,North
8/28/2023,Home Goods,919.2991672,2,319.7135818,South
8/28/2023,Sports,269.7470842,16,97.07866604,East
8/28/2023,Books,546.9309264,19,157.3494224,North
8/29/2023,Electronics,1149.726939,10,302.262568,South
8/29/2023,Clothing,1169.037986,15,336.2141417,East
8/29/2023,Home Goods,883.6900251,15,246.9054101,West
8/29/2023,Sports,875.9153003,15,312.2127682,North
8/29/2023,Books,287.0701431,15,72.25814529,North
8/30/2023,Electronics,898.392598,3,109.0169804,East
8/30/2023,Clothing,1060.071872,9,283.4230447,North
8/30/2023,Home Goods,1002.483782,7,129.7237126,South
8/30/2023,Sports,205.270137,10,78.78088595,South
8/30/2023,Books,1405.450871,8,265.6073685,North
8/31/2023,Electronics,1193.550738,14,207.3844927,North
8/31/2023,Clothing,1223.497426,11,375.8803031,North
8/31/2023,Home Goods,1293.344665,18,390.2239996,East
8/31/2023,Sports,368.3059174,19,73.4195552,West
8/31/2023,Books,207.7306962,1,22.15770784,North
09/01/2023,Electronics,902.9686397,2,101.5193435,South
09/01/2023,Clothing,1459.05856,16,196.1355224,North
09/01/2023,Home Goods,1199.478149,13,180.9427512,West
09/01/2023,Sports,1148.859756,2,317.4404116,North
09/01/2023,Books,839.4049862,18,167.5418285,West
09/02/2023,Electronics,945.0548587,11,333.723927,East
09/02/2023,Clothing,892.9980597,14,346.9161209,North
09/02/2023,Home Goods,849.4647422,19,273.4468368,South
09/02/2023,Sports,588.2603356,19,117.803729,East
09/02/2023,Books,1281.494715,1,448.2457476,East
09/03/2023,Electronics,723.6264666,17,280.1585636,East
09/03/2023,Clothing,924.94365,16,280.0067,South
09/03/2023,Home Goods,679.011953,16,196.8053563,East
09/03/2023,Sports,699.681336,12,223.2347548,South
09/03/2023,Books,914.8945919,8,126.503438,North
09/04/2023,Electronics,825.46539,11,256.0739387,West
09/04/2023,Clothing,647.8360107,13,180.1853438,East
09/04/2023,Home Goods,1222.993639,7,325.3671024,North
09/04/2023,Sports,633.5514811,12,103.2892651,East
09/04/2023,Books,838.983067,7,280.2738669,West
09/05/2023,Electronics,1214.833209,6,241.9562659,North
09/05/2023,Clothing,1412.948935,8,399.9102951,North
09/05/2023,Home Goods,1093.939642,17,153.1019263,North
09/05/2023,Sports,721.4884991,18,162.0854352,East
09/05/2023,Books,1170.327123,6,149.0910628,East
09/06/2023,Electronics,1192.162881,3,140.9977953,East
09/06/2023,Clothing,1036.92346,18,325.9301687,West
09/06/2023,Home Goods,1173.825695,1,186.5071582,North
09/06/2023,Sports,246.7494996,17,88.45956369,East
09/06/2023,Books,487.5444792,19,166.9929865,North
09/07/2023,Electronics,1245.45184,16,235.0469878,North
09/07/2023,Clothing,618.9816734,2,95.54078396,West
09/07/2023,Home Goods,1086.086756,18,208.4468041,North
09/07/2023,Sports,1480.584252,6,421.4131197,West
09/07/2023,Books,1504.148689,11,190.0288374,South
09/08/2023,Electronics,1224.310635,18,226.4794958,West
09/08/2023,Clothing,1284.612075,9,361.5564179,West
09/08/2023,Home Goods,1401.076131,9,263.4869906,North
09/08/2023,Sports,1354.769718,16,270.729405,North
09/08/2023,Books,967.7935628,15,289.2813942,South
09/09/2023,Electronics,1299.82571,13,137.3702877,North
09/09/2023,Clothing,707.9863486,8,206.4110379,East
09/09/2023,Home Goods,1302.140001,14,152.526363,South
09/09/2023,Sports,752.8193539,10,269.3087229,West
09/09/2023,Books,784.2671646,13,237.2156901,South
09/10/2023,Electronics,1603.610239,7,630.1680008,East
09/10/2023,Clothing,1040.851865,14,220.8522582,North
09/10/2023,Home Goods,1228.035513,18,243.8478741,East
09/10/2023,Sports,1316.323634,17,203.6845127,North
09/10/2023,Books,1159.328981,10,368.4734459,East
09/11/2023,Electronics,1486.749502,3,339.3356446,South
09/11/2023,Clothing,1310.459157,19,336.8170373,South
09/11/2023,Home Goods,573.9413148,16,197.219599,North
09/11/2023,Sports,1402.429593,3,496.2318488,North
09/11/2023,Books,792.1735427,19,306.4820926,East
09/12/2023,Electronics,919.8620992,19,160.5729183,West
09/12/2023,Clothing,1138.940582,16,390.2555954,South
09/12/2023,Home Goods,1234.037802,7,440.7603946,South
09/12/2023,Sports,1025.217531,4,147.6400738,West
09/12/2023,Books,881.7018102,14,258.9712629,South
9/13/2023,Electronics,954.4439915,19,183.0758628,West
9/13/2023,Clothing,1112.004568,14,259.7896834,West
9/13/2023,Home Goods,1093.713463,7,356.0557315,West
9/13/2023,Sports,882.2372325,7,123.07745,North
9/13/2023,Books,1207.635852,8,366.2964502,West
9/14/2023,Electronics,1442.21398,13,167.4272518,East
9/14/2023,Clothing,1399.47641,1,339.572755,South
9/14/2023,Home Goods,1161.743235,1,182.1134031,West
9/14/2023,Sports,1293.510981,5,327.6904294,East
9/14/2023,Books,1435.984692,16,500.9702774,West
9/15/2023,Electronics,966.0809608,15,127.1559753,West
9/15/2023,Clothing,1555.564568,17,297.5368158,West
9/15/2023,Home Goods,915.6797086,18,203.5861924,South
9/15/2023,Sports,845.7750842,15,303.4209253,East
9/15/2023,Books,937.4982538,8,289.2709361,South
9/16/2023,Electronics,957.8874823,8,208.7586831,West
9/16/2023,Clothing,1092.2838,17,181.8162984,South
9/16/2023,Home Goods,569.2271428,2,85.51950386,East
9/16/2023,Sports,605.2552551,6,71.9884383,East
9/16/2023,Books,945.5652792,14,341.1149979,South
9/17/2023,Electronics,968.0988992,3,356.7608839,South
9/17/2023,Clothing,701.3789191,17,128.3951199,East
9/17/2023,Home Goods,1548.178451,2,587.1423777,East
9/17/2023,Sports,1268.976596,7,448.8320181,North
9/17/2023,Books,498.3250676,16,106.1056103,North
9/18/2023,Electronics,888.8251713,2,88.94305631,West
9/18/2023,Clothing,595.5858664,2,89.54298705,South
9/18/2023,Home Goods,1178.433579,7,446.2049046,North
9/18/2023,Sports,1110.448509,1,150.7347253,West
9/18/2023,Books,974.8054394,1,307.6636418,North
9/19/2023,Electronics,984.787234,4,369.6421188,South
9/19/2023,Clothing,1375.85279,13,442.6495776,East
9/19/2023,Home Goods,865.5326151,7,298.1947076,North
9/19/2023,Sports,1083.207539,18,429.0246922,West
9/19/2023,Books,993.3163062,6,173.4146163,North
9/20/2023,Electronics,927.9316401,18,119.8981104,North
9/20/2023,Clothing,1274.815397,14,455.9102276,East
9/20/2023,Home Goods,573.654058,19,60.51047617,West
9/20/2023,Sports,844.8588759,6,335.8878049,South
9/20/2023,Books,765.3989522,15,119.0012358,South
9/21/2023,Electronics,772.0890648,3,161.3525926,North
9/21/2023,Clothing,377.3235973,2,132.8176527,South
9/21/2023,Home Goods,974.1790922,16,304.5963175,South
9/21/2023,Sports,687.2266916,15,230.1855009,South
9/21/2023,Books,648.329874,3,188.3216737,East
9/22/2023,Electronics,972.2975911,16,146.4698277,North
9/22/2023,Clothing,612.7633402,8,100.3005917,West
9/22/2023,Home Goods,950.6994382,7,238.732528,South
9/22/2023,Sports,1063.628006,14,410.2998607,South
9/22/2023,Books,634.8151923,19,196.9708448,South
9/23/2023,Electronics,1047.838752,17,263.0112353,South
9/23/2023,Clothing,696.8136488,1,102.2448451,North
9/23/2023,Home Goods,1528.296876,6,516.4704475,South
9/23/2023,Sports,848.9487514,13,328.2841018,West
9/23/2023,Books,971.6128622,1,109.7242723,North
9/24/2023,Electronics,1010.117618,1,254.9966324,South
9/24/2023,Clothing,1564.924676,16,520.4475655,South
9/24/2023,Home Goods,1187.184983,2,279.0890791,North
9/24/2023,Sports,1390.148246,7,509.1288417,West
9/24/2023,Books,1141.321984,9,228.7628265,South
9/25/2023,Electronics,1065.50393,6,220.332715,East
9/25/2023,Clothing,1161.208084,17,264.5223375,East
9/25/2023,Home Goods,1277.323056,15,242.6521386,West
9/25/2023,Sports,1041.465139,15,341.3852496,West
9/25/2023,Books,1207.516324,17,190.7247914,East
9/26/2023,Electronics,842.6012779,4,215.0217725,North
9/26/2023,Clothing,1148.096454,15,183.4700003,West
9/26/2023,Home Goods,890.3482189,5,185.2976794,North
9/26/2023,Sports,954.6102339,6,153.353189,West
9/26/2023,Books,864.4151884,17,146.5008332,North
9/27/2023,Electronics,763.1984483,2,167.2789363,West
9/27/2023,Clothing,888.4426353,17,118.5593881,South
9/27/2023,Home Goods,781.4615135,16,214.4871644,South
9/27/2023,Sports,1095.857401,10,285.3259431,South
9/27/2023,Books,1496.085181,10,224.2165036,North
9/28/2023,Electronics,612.7847441,14,200.9609782,East
9/28/2023,Clothing,1128.805071,4,435.2883823,West
9/28/2023,Home Goods,1501.474885,12,172.4920962,East
9/28/2023,Sports,1527.909158,15,252.0649121,East
9/28/2023,Books,1090.510003,14,423.6252077,South
9/29/2023,Electronics,1052.660869,3,216.3165049,South
9/29/2023,Clothing,456.7607198,12,156.9164983,East
9/29/2023,Home Goods,1144.919008,3,263.4553658,East
9/29/2023,Sports,1137.090209,14,366.6981592,West
9/29/2023,Books,1393.870796,1,160.8234712,South
9/30/2023,Electronics,952.377482,8,309.2264401,West
9/30/2023,Clothing,814.8594475,6,236.6541228,West
9/30/2023,Home Goods,657.6128786,14,123.350652,South
9/30/2023,Sports,1197.118021,13,256.3563186,East
9/30/2023,Books,973.7694014,17,359.6973341,West
10/01/2023,Electronics,1164.495888,1,363.5366043,West
10/01/2023,Clothing,1342.842892,16,134.6643467,South
10/01/2023,Home Goods,1371.50885,10,539.2569086,East
10/01/2023,Sports,679.2368029,16,180.1323352,West
10/01/2023,Books,524.9050525,14,147.0130046,West
10/02/2023,Electronics,1235.045896,14,336.0176823,South
10/02/2023,Clothing,1132.787257,12,333.6504416,South
10/02/2023,Home Goods,601.4261027,18,119.2945824,East
10/02/2023,Sports,996.5964431,19,156.984734,West
10/02/2023,Books,876.3337765,11,109.7864907,East
10/03/2023,Electronics,1274.04212,5,196.8972163,West
10/03/2023,Clothing,1161.649367,5,157.6729463,East
10/03/2023,Home Goods,1220.823645,6,199.633671,North
10/03/2023,Sports,1204.355695,6,430.4132094,West
10/03/2023,Books,1150.605781,3,220.7786586,East
10/04/2023,Electronics,1099.972011,12,140.5923102,South
10/04/2023,Clothing,1050.953409,9,364.1474436,North
10/04/2023,Home Goods,889.8788782,19,217.7375217,East
10/04/2023,Sports,788.5533487,4,120.1573584,South
10/04/2023,Books,1437.407583,4,395.0080039,East
10/05/2023,Electronics,551.1402538,2,75.18901793,South
10/05/2023,Clothing,617.6521353,19,152.0434744,North
10/05/2023,Home Goods,1113.865091,12,275.0531233,West
10/05/2023,Sports,793.4235926,4,126.3660142,West
10/05/2023,Books,874.812368,16,136.2372301,North
10/06/2023,Electronics,1042.465234,16,241.137895,North
10/06/2023,Clothing,273.0860503,12,55.7370542,East
10/06/2023,Home Goods,926.3004172,9,183.7457659,South
10/06/2023,Sports,1258.490399,6,139.709906,West
10/06/2023,Books,1254.88584,6,333.604452,South
10/07/2023,Electronics,866.8424949,6,212.8145102,South
10/07/2023,Clothing,644.8672148,6,183.3072933,South
10/07/2023,Home Goods,1377.005742,7,337.434466,East
10/07/2023,Sports,1210.44906,12,208.1318568,East
10/07/2023,Books,1238.082606,10,311.3448862,West
10/08/2023,Electronics,1049.382354,11,354.2512157,North
10/08/2023,Clothing,987.4788603,8,345.8637129,North
10/08/2023,Home Goods,1113.913157,1,393.4319456,South
10/08/2023,Sports,1525.183225,15,345.4750256,South
10/08/2023,Books,1300.198812,18,259.6861182,West
10/09/2023,Electronics,1097.109533,8,144.8042899,West
10/09/2023,Clothing,849.0529287,17,331.0306996,South
10/09/2023,Home Goods,576.5301534,4,147.0084308,North
10/09/2023,Sports,680.7335469,19,207.9997377,South
10/09/2023,Books,1298.563367,19,208.340437,East
10/10/2023,Electronics,710.9249666,2,83.08387315,West
10/10/2023,Clothing,653.5402061,18,244.3196276,North
10/10/2023,Home Goods,680.906237,8,182.3231578,South
10/10/2023,Sports,791.6551372,12,294.3928401,West
10/10/2023,Books,968.6971621,12,120.0356458,North
10/11/2023,Electronics,1117.992115,7,424.5798796,West
10/11/2023,Clothing,917.746746,9,203.6709108,North
10/11/2023,Home Goods,972.7215482,13,286.5685208,South
10/11/2023,Sports,707.3859294,14,136.4600606,South
10/11/2023,Books,1280.810696,7,420.2596315,West
10/12/2023,Electronics,1272.943067,4,416.170057,North
10/12/2023,Clothing,560.619381,4,94.03653779,South
10/12/2023,Home Goods,513.6641569,17,203.1009293,West
10/12/2023,Sports,902.282267,13,125.512822,West
10/12/2023,Books,1119.533159,10,123.5174134,West
10/13/2023,Electronics,1131.169329,5,215.5361836,North
10/13/2023,Clothing,1023.926958,3,143.4610712,South
10/13/2023,Home Goods,742.2300574,2,241.5416974,South
10/13/2023,Sports,1409.941853,11,537.8284554,West
10/13/2023,Books,984.44045,1,161.9864141,North
10/14/2023,Electronics,1178.647269,6,227.5875173,North
10/14/2023,Clothing,823.0315731,19,142.1187442,South
10/14/2023,Home Goods,1405.321868,12,241.2998925,North
10/14/2023,Sports,1265.857357,3,369.7749394,North
10/14/2023,Books,797.1276375,9,221.5352076,North
10/15/2023,Electronics,671.6905607,9,94.03892208,South
10/15/2023,Clothing,747.8177718,12,126.4679442,South
10/15/2023,Home Goods,1224.984991,10,258.2344789,West
10/15/2023,Sports,652.5142011,3,178.2439255,South
10/15/2023,Books,495.5268701,7,52.02940036,South
10/16/2023,Electronics,735.7737731,17,135.8931118,West
10/16/2023,Clothing,1539.617506,7,272.3951464,North
10/16/2023,Home Goods,1321.109548,15,278.0605747,West
10/16/2023,Sports,1381.567727,16,312.5395895,South
10/16/2023,Books,967.9972954,16,252.4988187,North
10/17/2023,Electronics,1344.777805,15,313.4260231,West
10/17/2023,Clothing,292.7997326,4,95.76843814,North
10/17/2023,Home Goods,845.5154408,18,303.44525,East
10/17/2023,Sports,714.7413144,4,259.6832604,East
10/17/2023,Books,946.3434635,15,328.2022061,West
10/18/2023,Electronics,441.4149595,18,155.3056606,East
10/18/2023,Clothing,1033.69635,13,163.1203013,South
10/18/2023,Home Goods,1548.987901,19,374.0618501,East
10/18/2023,Sports,1033.619913,12,126.7119096,East
10/18/2023,Books,947.3864632,10,224.5487606,North
10/19/2023,Electronics,1147.451694,13,132.8112376,South
10/19/2023,Clothing,1544.02231,19,395.9881374,North
10/19/2023,Home Goods,897.1363415,17,165.5642699,North
10/19/2023,Sports,965.878428,17,321.0055239,North
10/19/2023,Books,1021.559249,8,233.4319481,East
10/20/2023,Electronics,1154.516388,13,379.3359494,North
10/20/2023,Clothing,476.7273619,11,124.2650613,South
10/20/2023,Home Goods,1019.386309,1,342.0621765,East
10/20/2023,Sports,499.8530988,16,194.2516865,East
10/20/2023,Books,1019.955482,5,145.6948181,South
10/21/2023,Electronics,810.3817726,15,149.7302533,North
10/21/2023,Clothing,1166.186814,13,135.8489761,North
10/21/2023,Home Goods,1257.345652,3,156.8810884,East
10/21/2023,Sports,752.5900419,13,133.688381,West
10/21/2023,Books,1400.04655,12,176.532018,North
10/22/2023,Electronics,1547.047441,6,310.1265246,North
10/22/2023,Clothing,928.6297745,17,346.2661863,North
10/22/2023,Home Goods,1176.737184,7,318.9598968,South
10/22/2023,Sports,1050.56749,10,402.0641885,North
10/22/2023,Books,1556.994231,17,255.2577381,South
10/23/2023,Electronics,855.4702087,7,222.4197429,West
10/23/2023,Clothing,844.7241843,5,215.0246328,North
10/23/2023,Home Goods,910.5221538,19,258.0442518,North
10/23/2023,Sports,1093.360394,17,403.1415558,West
10/23/2023,Books,1103.560533,9,369.1784618,West
10/24/2023,Electronics,1053.213751,19,212.1114201,West
10/24/2023,Clothing,370.0380303,1,57.81893703,North
10/24/2023,Home Goods,484.8814155,7,122.8341102,South
10/24/2023,Sports,1009.69907,16,393.8740699,East
10/24/2023,Books,1291.627246,17,349.7234974,West
10/25/2023,Electronics,1391.030032,8,382.4382894,South
10/25/2023,Clothing,667.5258542,6,119.3172442,North
10/25/2023,Home Goods,1478.22464,9,256.0264243,East
10/25/2023,Sports,1331.505532,14,272.1804844,West
10/25/2023,Books,1655.733944,7,645.7141609,North
10/26/2023,Electronics,836.9221229,16,268.6034201,South
10/26/2023,Clothing,771.3714145,4,267.3000387,North
10/26/2023,Home Goods,592.4277954,12,227.8217215,West
10/26/2023,Sports,676.0791036,18,68.9864117,West
10/26/2023,Books,979.5629724,10,251.5018554,West
10/27/2023,Electronics,1109.191189,17,191.3137211,South
10/27/2023,Clothing,976.1418197,2,116.3838403,South
10/27/2023,Home Goods,281.8947545,13,90.73469176,South
10/27/2023,Sports,1481.964216,6,523.3465622,South
10/27/2023,Books,730.7299945,3,278.6622319,South
10/28/2023,Electronics,830.0467014,7,146.2504322,South
10/28/2023,Clothing,663.9449684,4,84.23457019,West
10/28/2023,Home Goods,776.4029549,5,245.9049956,North
10/28/2023,Sports,796.0800317,13,167.1797234,West
10/28/2023,Books,569.9422083,5,68.62742194,South
10/29/2023,Electronics,368.4666436,3,66.338132,West
10/29/2023,Clothing,743.0048106,14,262.621905,East
10/29/2023,Home Goods,957.3665617,6,293.1172103,West
10/29/2023,Sports,1193.870239,2,122.9068707,West
10/29/2023,Books,617.5025648,2,122.7680196,East
10/30/2023,Electronics,950.4977916,11,326.4846846,East
10/30/2023,Clothing,1324.805055,12,421.4278514,West
10/30/2023,Home Goods,1048.265315,13,392.6063224,North
10/30/2023,Sports,723.2222,8,165.8805186,West
10/30/2023,Books,939.8576173,5,240.1185047,South
10/31/2023,Electronics,469.8968905,7,71.54039551,South
10/31/2023,Clothing,1097.277639,8,118.6424206,North
10/31/2023,Home Goods,1683.472921,7,318.0643745,South
10/31/2023,Sports,1005.23664,2,178.3614419,North
10/31/2023,Books,596.7691551,12,83.53889574,North
11/01/2023,Electronics,629.8681475,14,209.5969254,South
11/01/2023,Clothing,950.577721,15,278.6831396,North
11/01/2023,Home Goods,1478.392192,1,351.131516,East
11/01/2023,Sports,999.1839415,5,110.2230356,South
11/01/2023,Books,431.0732872,15,60.36099421,West
11/02/2023,Electronics,997.7251336,12,337.7334109,North
11/02/2023,Clothing,1057.447856,2,383.9997833,South
11/02/2023,Home Goods,731.9420545,13,175.7965975,East
11/02/2023,Sports,960.0934358,7,334.5500886,West
11/02/2023,Books,1254.760693,13,144.0373629,West
11/03/2023,Electronics,1275.699627,6,275.5625178,West
11/03/2023,Clothing,961.9246588,2,375.9656267,West
11/03/2023,Home Goods,812.9947959,9,308.6977357,South
11/03/2023,Sports,1101.515208,19,254.4801344,South
11/03/2023,Books,729.7985852,11,78.37549402,South
11/04/2023,Electronics,710.7399786,11,225.7295369,North
11/04/2023,Clothing,478.1794084,2,57.18214124,East
11/04/2023,Home Goods,684.2559769,15,201.0980282,North
11/04/2023,Sports,1888.932537,7,624.033248,East
11/04/2023,Books,1322.697241,6,365.7386262,East
11/05/2023,Electronics,1324.516508,12,367.9623682,South
11/05/2023,Clothing,863.0840616,5,308.5518007,South
11/05/2023,Home Goods,1232.993809,10,225.0842943,West
11/05/2023,Sports,983.1597151,17,198.07649,West
11/05/2023,Books,894.745171,14,308.7471096,North
11/06/2023,Electronics,334.495672,13,103.6469217,East
11/06/2023,Clothing,729.8228942,15,216.5041449,North
11/06/2023,Home Goods,660.1645146,16,184.3870521,West
11/06/2023,Sports,998.6134933,2,300.8118509,South
11/06/2023,Books,1111.242156,6,390.7703054,East
11/07/2023,Electronics,779.627984,7,122.9847125,North
11/07/2023,Clothing,394.0560003,8,147.1153502,East
11/07/2023,Home Goods,1739.263732,18,352.5809992,West
11/07/2023,Sports,1098.029343,9,139.8954967,South
11/07/2023,Books,1248.764182,4,195.3937069,South
11/08/2023,Electronics,1276.835529,5,149.518355,East
11/08/2023,Clothing,710.3741471,6,81.48090457,South
11/08/2023,Home Goods,920.1608796,14,367.6002475,North
11/08/2023,Sports,1328.401491,13,143.444127,East
11/08/2023,Books,487.4037259,17,140.2236022,West
11/09/2023,Electronics,1294.336356,10,209.3777984,West
11/09/2023,Clothing,1339.491436,9,184.62618,South
11/09/2023,Home Goods,1316.4194,1,162.2137607,South
11/09/2023,Sports,762.9817382,3,214.151342,South
11/09/2023,Books,1388.495675,18,486.4420702,West
11/10/2023,Electronics,1163.266106,5,289.8495714,West
11/10/2023,Clothing,1269.585352,17,291.4927486,North
11/10/2023,Home Goods,589.4910724,13,161.4839188,East
11/10/2023,Sports,1196.791439,12,136.9412933,North
11/10/2023,Books,1207.07992,1,126.0120679,South
11/11/2023,Electronics,1001.164185,16,162.6209111,East
11/11/2023,Clothing,1486.652476,17,261.6713807,East
11/11/2023,Home Goods,1141.558701,11,399.3265077,South
11/11/2023,Sports,735.1103805,19,274.5562835,North
11/11/2023,Books,1068.74405,18,422.3455065,North
11/12/2023,Electronics,986.5763246,10,115.0679195,East
11/12/2023,Clothing,1094.284827,7,397.9081788,North
11/12/2023,Home Goods,943.7689074,5,362.5865764,South
11/12/2023,Sports,985.2385251,4,154.7498183,North
11/12/2023,Books,1146.725163,1,276.0373,East
11/13/2023,Electronics,827.9980482,16,187.8587334,North
11/13/2023,Clothing,917.0530733,5,130.6021742,South
11/13/2023,Home Goods,1505.891072,5,194.6861327,West
11/13/2023,Sports,896.8629588,4,338.2244377,North
11/13/2023,Books,618.2815068,4,188.4530353,East
11/14/2023,Electronics,810.8370713,15,145.8131634,South
11/14/2023,Clothing,921.7690461,19,322.3585936,South
11/14/2023,Home Goods,628.4310433,17,93.68955489,West
11/14/2023,Sports,995.698087,1,393.9780383,East
11/14/2023,Books,935.6764415,15,342.5631437,South
11/15/2023,Electronics,1065.004936,5,367.5674216,West
11/15/2023,Clothing,908.9949798,12,224.3141987,South
11/15/2023,Home Goods,453.6741792,17,58.7523834,West
11/15/2023,Sports,820.699695,10,313.6296987,North
11/15/2023,Books,1111.063567,1,269.1250162,South
11/16/2023,Electronics,1175.29425,9,213.2327652,North
11/16/2023,Clothing,1417.954377,15,276.0988851,South
11/16/2023,Home Goods,1251.804734,15,266.1291847,South
11/16/2023,Sports,728.708256,7,124.2516,South
11/16/2023,Books,971.6553058,3,215.2791166,South
11/17/2023,Electronics,1245.641133,16,498.0136654,South
11/17/2023,Clothing,1047.387281,13,188.0596666,South
11/17/2023,Home Goods,666.4485329,8,167.1870491,West
11/17/2023,Sports,1226.700556,5,172.6259097,East
11/17/2023,Books,847.8556772,1,160.9458466,South
11/18/2023,Electronics,945.947933,18,171.7040036,East
11/18/2023,Clothing,803.2708772,9,162.797027,South
11/18/2023,Home Goods,756.4956699,3,218.555441,North
11/18/2023,Sports,1160.550493,3,401.8460659,North
11/18/2023,Books,1082.613246,2,131.0185141,North
11/19/2023,Electronics,1378.822745,15,522.0623134,South
11/19/2023,Clothing,1263.036866,13,445.7050528,South
11/19/2023,Home Goods,1047.649582,11,218.1645326,South
11/19/2023,Sports,812.7239738,5,203.1892627,East
11/19/2023,Books,1163.736014,13,128.3844772,North
11/20/2023,Electronics,348.5285786,6,118.1223358,South
11/20/2023,Clothing,706.7987322,2,159.1815935,North
11/20/2023,Home Goods,1250.89054,4,160.1988271,South
11/20/2023,Sports,598.4410988,18,121.8302592,North
11/20/2023,Books,1258.965694,8,459.0096594,East
11/21/2023,Electronics,920.3134535,15,97.30452038,East
11/21/2023,Clothing,1310.954675,8,379.6997162,East
11/21/2023,Home Goods,1343.808273,10,436.9570641,West
11/21/2023,Sports,148.7480676,9,21.36843193,North
11/21/2023,Books,733.8011623,7,202.9175747,West
11/22/2023,Electronics,1231.538853,8,210.6130243,West
11/22/2023,Clothing,1039.098023,5,184.4296418,North
11/22/2023,Home Goods,784.7153811,1,205.8869236,North
11/22/2023,Sports,565.9203791,16,175.7888876,North
11/22/2023,Books,982.2404277,16,241.4009885,South
11/23/2023,Electronics,1211.91652,18,285.2112473,West
11/23/2023,Clothing,879.9577475,18,242.7545154,West
11/23/2023,Home Goods,784.3328754,6,274.137979,South
11/23/2023,Sports,1061.220611,6,261.1117008,West
11/23/2023,Books,1211.03204,16,257.6426652,South
11/24/2023,Electronics,1646.478603,13,391.2223078,South
11/24/2023,Clothing,792.5846154,15,190.6088148,North
11/24/2023,Home Goods,1206.269306,13,458.4717651,South
11/24/2023,Sports,1167.58796,10,461.6324846,South
11/24/2023,Books,213.3342536,16,61.72508939,East
11/25/2023,Electronics,1144.07815,11,213.7491624,West
11/25/2023,Clothing,683.4676974,5,267.8190368,West
11/25/2023,Home Goods,1258.430958,13,318.0651396,North
11/25/2023,Sports,1075.394994,13,238.8124604,West
11/25/2023,Books,1441.310407,14,509.780865,West
11/26/2023,Electronics,790.1514339,15,176.4709859,South
11/26/2023,Clothing,938.8530625,17,365.8550304,West
11/26/2023,Home Goods,1194.129518,19,240.6792688,East
11/26/2023,Sports,1087.867771,14,350.9534702,West
11/26/2023,Books,983.1564604,1,134.1827449,South
11/27/2023,Electronics,702.1401997,1,154.5459645,South
11/27/2023,Clothing,566.4384207,6,145.0476531,West
11/27/2023,Home Goods,1286.580771,8,260.4564689,East
11/27/2023,Sports,988.3771315,12,340.1135001,South
11/27/2023,Books,1169.891962,5,218.4715918,East
11/28/2023,Electronics,833.4658791,5,95.81360714,North
11/28/2023,Clothing,1114.408384,7,327.1290371,North
11/28/2023,Home Goods,969.7343873,19,376.3636445,East
11/28/2023,Sports,489.2554595,8,132.1271209,East
11/28/2023,Books,1005.545821,2,301.4466991,North
11/29/2023,Electronics,1113.951461,6,334.4077327,North
11/29/2023,Clothing,960.2012751,2,316.5428434,South
11/29/2023,Home Goods,643.3109741,1,167.8769409,North
11/29/2023,Sports,985.0359538,13,161.4578302,West
11/29/2023,Books,762.7354625,7,134.2106819,East
11/30/2023,Electronics,1010.202429,3,289.6158372,West
11/30/2023,Clothing,70.09884317,1,9.795696245,South
11/30/2023,Home Goods,1038.595884,16,131.7375136,West
11/30/2023,Sports,961.6965783,12,133.3592103,South
11/30/2023,Books,1024.075297,18,293.8495545,East
12/01/2023,Electronics,1086.947295,17,317.1283393,South
12/01/2023,Clothing,1178.030128,16,370.0170072,West
12/01/2023,Home Goods,859.2477402,4,238.9332328,West
12/01/2023,Sports,1370.274345,16,322.5427846,South
12/01/2023,Books,1308.82393,14,359.1364516,North
12/02/2023,Electronics,1239.010578,17,300.2906987,East
12/02/2023,Clothing,1015.111569,19,344.1821766,West
12/02/2023,Home Goods,1190.65906,13,406.7766242,South
12/02/2023,Sports,1083.725158,18,299.5098776,West
12/02/2023,Books,1087.469103,17,408.1617313,South
12/03/2023,Electronics,979.9327175,4,385.6027819,West
12/03/2023,Clothing,1436.396944,11,275.1129717,South
12/03/2023,Home Goods,939.7795246,17,103.8905355,West
12/03/2023,Sports,623.1612116,3,164.036338,West
12/03/2023,Books,928.8024089,18,184.4862004,West
12/04/2023,Electronics,852.3136028,17,132.3903468,South
12/04/2023,Clothing,1474.766491,2,181.3766944,North
12/04/2023,Home Goods,922.7345287,6,208.2426301,South
12/04/2023,Sports,1300.394874,5,210.0056704,South
12/04/2023,Books,711.5506005,15,82.31482825,South
12/05/2023,Electronics,1166.292193,7,239.9748499,South
12/05/2023,Clothing,1288.724922,10,232.3031176,South
12/05/2023,Home Goods,746.2980687,16,102.3228797,East
12/05/2023,Sports,995.7703102,18,137.5830606,North
12/05/2023,Books,1301.978715,8,233.7236494,South
12/06/2023,Electronics,1384.640722,19,222.4069202,West
12/06/2023,Clothing,1176.356766,4,374.3883963,East
12/06/2023,Home Goods,1185.921635,12,327.8335912,East
12/06/2023,Sports,1405.255699,18,222.7316529,West
12/06/2023,Books,803.8962578,2,230.0486239,West
12/07/2023,Electronics,1205.676924,19,289.2568183,West
12/07/2023,Clothing,957.5054242,2,126.8887259,North
12/07/2023,Home Goods,1096.412896,18,118.6770133,South
12/07/2023,Sports,856.4385099,3,340.9254339,East
12/07/2023,Books,1354.470315,7,161.0089241,West
12/08/2023,Electronics,1703.096216,11,186.8998761,North
12/08/2023,Clothing,975.2060596,12,102.1582497,East
12/08/2023,Home Goods,1629.927519,13,597.5704736,West
12/08/2023,Sports,227.9427269,19,61.53438134,North
12/08/2023,Books,907.8699383,18,105.1747061,East
12/09/2023,Electronics,750.2526465,2,274.3432595,South
12/09/2023,Clothing,578.0577988,3,210.8308335,West
12/09/2023,Home Goods,817.5981571,17,204.1809114,South
12/09/2023,Sports,695.656082,14,74.15314315,North
12/09/2023,Books,933.3670114,5,121.6013762,South
12/10/2023,Electronics,887.6038097,2,355.0013805,East
12/10/2023,Clothing,744.2839702,1,279.9910264,West
12/10/2023,Home Goods,1142.609683,11,139.1203788,West
12/10/2023,Sports,485.6637839,10,86.23794809,South
12/10/2023,Books,1047.053273,14,231.0617521,West
12/11/2023,Electronics,1212.449336,8,209.8246655,West
12/11/2023,Clothing,1099.343953,5,144.5095587,South
12/11/2023,Home Goods,882.4369704,15,92.29688534,North
12/11/2023,Sports,694.6707073,2,144.8264742,West
12/11/2023,Books,851.0404794,14,130.151264,South
12/12/2023,Electronics,653.9522722,4,79.20775124,West
12/12/2023,Clothing,1399.622858,5,372.6212913,East
12/12/2023,Home Goods,441.6880212,15,94.34942284,West
12/12/2023,Sports,870.9052466,8,313.5663386,East
12/12/2023,Books,698.3062041,7,89.70075444,South
12/13/2023,Electronics,1000.671625,19,282.2042689,West
12/13/2023,Clothing,1529.893182,13,518.9797988,West
12/13/2023,Home Goods,1036.258564,7,157.7115274,West
12/13/2023,Sports,739.3624759,8,99.57858273,West
12/13/2023,Books,1643.510926,15,652.8430406,West
12/14/2023,Electronics,1268.403143,10,306.8231409,South
12/14/2023,Clothing,1000.944318,6,129.3350369,West
12/14/2023,Home Goods,1368.997111,12,399.0179251,South
12/14/2023,Sports,1359.337757,1,476.668188,West
12/14/2023,Books,1373.414373,8,242.6821371,West
12/15/2023,Electronics,1321.307184,8,450.7744712,West
12/15/2023,Clothing,1098.186781,1,344.920931,North
12/15/2023,Home Goods,664.0025709,17,152.4781447,North
12/15/2023,Sports,947.91129,10,223.3890687,West
12/15/2023,Books,676.9073361,14,214.8283029,South
12/16/2023,Electronics,1310.765398,11,407.5955237,East
12/16/2023,Clothing,1458.624355,6,393.3633598,North
12/16/2023,Home Goods,975.6862106,8,203.7815732,East
12/16/2023,Sports,846.7904159,15,207.5948968,South
12/16/2023,Books,1342.258965,16,261.6550941,North
12/17/2023,Electronics,1043.472391,5,113.5191871,West
12/17/2023,Clothing,1084.288996,19,274.1653591,North
12/17/2023,Home Goods,959.9188187,8,151.6688725,North
12/17/2023,Sports,769.8113876,9,171.3676119,West
12/17/2023,Books,893.5161309,11,192.919462,West
12/18/2023,Electronics,1150.687368,7,260.5770147,South
12/18/2023,Clothing,787.9285663,4,291.6073763,West
12/18/2023,Home Goods,1156.450758,3,339.5007446,East
12/18/2023,Sports,1347.929489,16,485.8759072,North
12/18/2023,Books,1154.103753,11,357.0327505,South
12/19/2023,Electronics,833.3665621,7,313.5385475,West
12/19/2023,Clothing,1006.559723,8,389.0422538,South
12/19/2023,Home Goods,1046.5975,4,371.0655578,West
12/19/2023,Sports,1119.44418,17,293.8306748,East
12/19/2023,Books,1683.125949,15,251.2589518,East
12/20/2023,Electronics,629.6464005,1,219.7849174,West
12/20/2023,Clothing,635.6746979,16,192.7613637,North
12/20/2023,Home Goods,1136.871639,13,358.6040139,North
12/20/2023,Sports,1069.745986,11,115.9094544,East
12/20/2023,Books,1270.44896,15,302.220021,South
12/21/2023,Electronics,1076.655327,7,198.0292996,South
12/21/2023,Clothing,1001.30226,8,224.391493,East
12/21/2023,Home Goods,710.4700988,12,130.2770106,South
12/21/2023,Sports,1107.723489,16,258.203394,West
12/21/2023,Books,1128.753436,18,408.6181524,North
12/22/2023,Electronics,1249.491268,16,458.0382392,West
12/22/2023,Clothing,980.8154522,9,318.2076249,East
12/22/2023,Home Goods,894.0537886,12,144.4487178,East
12/22/2023,Sports,618.8861586,10,226.3740961,West
12/22/2023,Books,868.3198083,7,285.3127942,West
12/23/2023,Electronics,1165.827323,3,234.2190439,West
12/23/2023,Clothing,901.3094998,5,346.345785,West
12/23/2023,Home Goods,988.7497531,11,173.6671575,North
12/23/2023,Sports,1450.417032,12,177.9081252,South
12/23/2023,Books,1522.712825,9,588.2648251,North
12/24/2023,Electronics,1616.346532,16,504.9180064,South
12/24/2023,Clothing,1025.929057,18,410.2078519,South
12/24/2023,Home Goods,872.7688553,8,200.1227232,East
12/24/2023,Sports,1361.378374,7,174.8068332,South
12/24/2023,Books,1054.761429,14,295.5251549,South
12/25/2023,Electronics,582.4124857,6,177.9622131,North
12/25/2023,Clothing,1511.230623,12,464.4491688,South
12/25/2023,Home Goods,769.9407886,17,254.0076116,East
12/25/2023,Sports,1020.421681,10,239.5184972,South
12/25/2023,Books,1009.749959,8,264.5785178,West
12/26/2023,Electronics,1241.67815,8,344.8736773,South
12/26/2023,Clothing,651.4566771,15,103.2247095,West
12/26/2023,Home Goods,481.1492801,16,185.3151593,West
12/26/2023,Sports,905.8014711,17,254.6550574,South
12/26/2023,Books,1094.31206,7,244.2996069,North
12/27/2023,Electronics,680.9609899,7,113.4030537,North
12/27/2023,Clothing,369.1294807,7,45.77907673,South
12/27/2023,Home Goods,616.9432671,13,219.8505901,South
12/27/2023,Sports,1284.552563,5,148.6225481,West
12/27/2023,Books,1404.515912,7,553.6999936,East
12/28/2023,Electronics,1213.609516,2,203.5215573,East
12/28/2023,Clothing,1171.448421,7,140.5714078,North
12/28/2023,Home Goods,989.446775,12,317.2552825,East
12/28/2023,Sports,1310.164316,2,222.4412157,East
12/28/2023,Books,877.7619678,6,90.17200803,East
12/29/2023,Electronics,782.9260229,2,220.8571167,South
12/29/2023,Clothing,999.8432429,6,341.4365192,North
12/29/2023,Home Goods,1073.018142,9,135.0230588,East
12/29/2023,Sports,371.9683134,1,93.30268401,South
12/29/2023,Books,1257.545552,1,322.6223839,West
12/30/2023,Electronics,1250.682408,1,128.255822,South
12/30/2023,Clothing,1188.630574,17,234.2284315,North
12/30/2023,Home Goods,892.7886711,2,243.8034776,North
12/30/2023,Sports,1147.267364,13,340.5094198,East
12/30/2023,Books,856.7427733,7,87.1816463,South
12/31/2023,Electronics,1132.749004,14,353.4642212,West
12/31/2023,Clothing,679.2619707,8,183.8601997,North
12/31/2023,Home Goods,1193.733728,10,359.0109382,South
12/31/2023,Sports,1076.118706,17,259.5709158,North
12/31/2023,Books,703.9734432,14,134.1060064,East
12/25/2023,Books,1009.749959,8,264.5785178,West
12/26/2023,Electronics,1241.67815,8,344.8736773,South
12/26/2023,Clothing,651.4566771,15,103.2247095,West
12/26/2023,Home Goods,481.1492801,16,185.3151593,West
12/26/2023,Sports,905.8014711,17,254.6550574,South
01/04/2023,,1142.812776,10,237.1790419,North
01/04/2023,Books,1391.098381,7,493.8560247,West
01/05/2023,Electronics,856,5,273.0418628,West
01/05/2023,Clothing,944.302307,3,228.2043237,North
01/05/2023,Home Goods,719.8711477,14,178.6278756,North
01/05/2023,Sports,1235.262456,15,281.9638562,South
